<metadata xml:lang="en"><Esri><CreaDate>20211029</CreaDate><CreaTime>15302600</CreaTime><ArcGISFormat>1.0</ArcGISFormat><SyncOnce>FALSE</SyncOnce><DataProperties><lineage><Process ToolSource="c:\program files\arcgis\pro\Resources\ArcToolbox\toolboxes\Data Management Tools.tbx\CopyFeatures" Date="20211029" Time="153026" Name="" export="">CopyFeatures CES4_final_shapefile "C:\Users\kranjbar\OneDrive - California OEHHA\Desktop\CES 4.0 Maps\CES 4.0 Final\CES 4.0 Final maps\CES 4.gdb\CES4_final_shapefile_CopyFea1" # # # #</Process><Process ToolSource="c:\program files\arcgis\pro\Resources\ArcToolbox\toolboxes\Data Management Tools.tbx\UpdateSchema" Date="20211029" Time="153205" Name="" export="">UpdateSchema "CIMDATA=&lt;CIMStandardDataConnection xsi:type='typens:CIMStandardDataConnection' xmlns:xsi='http://www.w3.org/2001/XMLSchema-instance' xmlns:xs='http://www.w3.org/2001/XMLSchema' xmlns:typens='http://www.esri.com/schemas/ArcGIS/2.2.0'&gt;&lt;WorkspaceConnectionString&gt;DATABASE=C:\Users\kranjbar\OneDrive - California OEHHA\Desktop\CES 4.0 Maps\CES 4.0 Final\CES 4.0 Final maps\CES 4.gdb&lt;/WorkspaceConnectionString&gt;&lt;WorkspaceFactory&gt;FileGDB&lt;/WorkspaceFactory&gt;&lt;Dataset&gt;CES4_final_shapefile_CopyFea1&lt;/Dataset&gt;&lt;DatasetType&gt;esriDTFeatureClass&lt;/DatasetType&gt;&lt;/CIMStandardDataConnection&gt;" &lt;operationSequence&gt;&lt;workflow&gt;&lt;DeleteField&gt;&lt;field_name&gt;CES4_final_shapefile_Shape_Leng&lt;/field_name&gt;&lt;field_name&gt;CES4_final_shapefile_Tract&lt;/field_name&gt;&lt;field_name&gt;CES4_final_shapefile_ZIP&lt;/field_name&gt;&lt;field_name&gt;CES4_final_shapefile_County&lt;/field_name&gt;&lt;field_name&gt;CES4_final_shapefile_City&lt;/field_name&gt;&lt;field_name&gt;CES4_final_shapefile_TotPop19&lt;/field_name&gt;&lt;field_name&gt;CES4_final_shapefile_CIscore&lt;/field_name&gt;&lt;field_name&gt;CES4_final_shapefile_CIscoreP&lt;/field_name&gt;&lt;field_name&gt;CES4_final_shapefile_Ozone&lt;/field_name&gt;&lt;field_name&gt;CES4_final_shapefile_OzoneP&lt;/field_name&gt;&lt;field_name&gt;CES4_final_shapefile_PM2_5&lt;/field_name&gt;&lt;field_name&gt;CES4_final_shapefile_PM2_5_P&lt;/field_name&gt;&lt;field_name&gt;CES4_final_shapefile_DieselPM&lt;/field_name&gt;&lt;field_name&gt;CES4_final_shapefile_DieselPM_P&lt;/field_name&gt;&lt;field_name&gt;CES4_final_shapefile_Pesticide&lt;/field_name&gt;&lt;field_name&gt;CES4_final_shapefile_PesticideP&lt;/field_name&gt;&lt;field_name&gt;CES4_final_shapefile_Tox_Rel&lt;/field_name&gt;&lt;field_name&gt;CES4_final_shapefile_Tox_Rel_P&lt;/field_name&gt;&lt;field_name&gt;CES4_final_shapefile_Traffic&lt;/field_name&gt;&lt;field_name&gt;CES4_final_shapefile_TrafficP&lt;/field_name&gt;&lt;field_name&gt;CES4_final_shapefile_DrinkWat&lt;/field_name&gt;&lt;field_name&gt;CES4_final_shapefile_DrinkWatP&lt;/field_name&gt;&lt;field_name&gt;CES4_final_shapefile_Lead&lt;/field_name&gt;&lt;field_name&gt;CES4_final_shapefile_Lead_P&lt;/field_name&gt;&lt;field_name&gt;CES4_final_shapefile_Cleanup&lt;/field_name&gt;&lt;field_name&gt;CES4_final_shapefile_CleanupP&lt;/field_name&gt;&lt;field_name&gt;CES4_final_shapefile_GWThreat&lt;/field_name&gt;&lt;field_name&gt;CES4_final_shapefile_GWThreatP&lt;/field_name&gt;&lt;field_name&gt;CES4_final_shapefile_HazWaste&lt;/field_name&gt;&lt;field_name&gt;CES4_final_shapefile_HazWasteP&lt;/field_name&gt;&lt;field_name&gt;CES4_final_shapefile_ImpWatB&lt;/field_name&gt;&lt;field_name&gt;CES4_final_shapefile_ImpWatBodP&lt;/field_name&gt;&lt;field_name&gt;CES4_final_shapefile_SolWaste&lt;/field_name&gt;&lt;field_name&gt;CES4_final_shapefile_SolWasteP&lt;/field_name&gt;&lt;field_name&gt;CES4_final_shapefile_PollBurd&lt;/field_name&gt;&lt;field_name&gt;CES4_final_shapefile_PolBurdSc&lt;/field_name&gt;&lt;field_name&gt;CES4_final_shapefile_PolBurdP&lt;/field_name&gt;&lt;field_name&gt;CES4_final_shapefile_Asthma&lt;/field_name&gt;&lt;field_name&gt;CES4_final_shapefile_AsthmaP&lt;/field_name&gt;&lt;field_name&gt;CES4_final_shapefile_LowBirtWt&lt;/field_name&gt;&lt;field_name&gt;CES4_final_shapefile_LowBirWP&lt;/field_name&gt;&lt;field_name&gt;CES4_final_shapefile_Cardiovas&lt;/field_name&gt;&lt;field_name&gt;CES4_final_shapefile_CardiovasP&lt;/field_name&gt;&lt;field_name&gt;CES4_final_shapefile_Educatn&lt;/field_name&gt;&lt;field_name&gt;CES4_final_shapefile_EducatP&lt;/field_name&gt;&lt;field_name&gt;CES4_final_shapefile_Ling_Isol&lt;/field_name&gt;&lt;field_name&gt;CES4_final_shapefile_Ling_IsolP&lt;/field_name&gt;&lt;field_name&gt;CES4_final_shapefile_Poverty&lt;/field_name&gt;&lt;field_name&gt;CES4_final_shapefile_PovertyP&lt;/field_name&gt;&lt;field_name&gt;CES4_final_shapefile_Unempl&lt;/field_name&gt;&lt;field_name&gt;CES4_final_shapefile_UnemplP&lt;/field_name&gt;&lt;field_name&gt;CES4_final_shapefile_HousBurd&lt;/field_name&gt;&lt;field_name&gt;CES4_final_shapefile_HousBurdP&lt;/field_name&gt;&lt;field_name&gt;CES4_final_shapefile_PopChar&lt;/field_name&gt;&lt;field_name&gt;CES4_final_shapefile_PopCharSc&lt;/field_name&gt;&lt;field_name&gt;CES4_final_shapefile_PopCharP&lt;/field_name&gt;&lt;field_name&gt;CES4_final_shapefile_Child_10&lt;/field_name&gt;&lt;field_name&gt;CES4_final_shapefile_Pop_10_64&lt;/field_name&gt;&lt;field_name&gt;CES4_final_shapefile_Elderly65&lt;/field_name&gt;&lt;field_name&gt;CES4_final_shapefile_Hispanic&lt;/field_name&gt;&lt;field_name&gt;CES4_final_shapefile_White&lt;/field_name&gt;&lt;field_name&gt;CES4_final_shapefile_AfricanAm&lt;/field_name&gt;&lt;field_name&gt;CES4_final_shapefile_NativeAm&lt;/field_name&gt;&lt;field_name&gt;CES4_final_shapefile_AsianAm&lt;/field_name&gt;&lt;field_name&gt;CES4_final_shapefile_PacificIsl&lt;/field_name&gt;&lt;field_name&gt;CES4_final_shapefile_OtherMult&lt;/field_name&gt;&lt;/DeleteField&gt;&lt;/workflow&gt;&lt;/operationSequence&gt;</Process><Process ToolSource="c:\program files\arcgis\pro\Resources\ArcToolbox\toolboxes\Data Management Tools.tbx\UpdateSchema" Date="20211029" Time="153303" Name="" export="">UpdateSchema "CIMDATA=&lt;CIMStandardDataConnection xsi:type='typens:CIMStandardDataConnection' xmlns:xsi='http://www.w3.org/2001/XMLSchema-instance' xmlns:xs='http://www.w3.org/2001/XMLSchema' xmlns:typens='http://www.esri.com/schemas/ArcGIS/2.2.0'&gt;&lt;WorkspaceConnectionString&gt;DATABASE=C:\Users\kranjbar\OneDrive - California OEHHA\Desktop\CES 4.0 Maps\CES 4.0 Final\CES 4.0 Final maps\CES 4.gdb&lt;/WorkspaceConnectionString&gt;&lt;WorkspaceFactory&gt;FileGDB&lt;/WorkspaceFactory&gt;&lt;Dataset&gt;CES4_final_shapefile_CopyFea1&lt;/Dataset&gt;&lt;DatasetType&gt;esriDTFeatureClass&lt;/DatasetType&gt;&lt;/CIMStandardDataConnection&gt;" &lt;operationSequence&gt;&lt;workflow&gt;&lt;DeleteField&gt;&lt;field_name&gt;CES4final_nulls_replaced1_csv_Shape_Length&lt;/field_name&gt;&lt;field_name&gt;CES4final_nulls_replaced1_csv_Shape_Area&lt;/field_name&gt;&lt;/DeleteField&gt;&lt;/workflow&gt;&lt;/operationSequence&gt;</Process><Process ToolSource="c:\program files\arcgis\pro\Resources\ArcToolbox\Toolboxes\Data Management Tools.tbx\UpdateSchema" Date="20211101" Time="093521" Name="" export="">UpdateSchema "CIMDATA=&lt;CIMStandardDataConnection xsi:type='typens:CIMStandardDataConnection' xmlns:xsi='http://www.w3.org/2001/XMLSchema-instance' xmlns:xs='http://www.w3.org/2001/XMLSchema' xmlns:typens='http://www.esri.com/schemas/ArcGIS/2.2.0'&gt;&lt;WorkspaceConnectionString&gt;DATABASE=C:\Users\kranjbar\OneDrive - California OEHHA\Desktop\CES 4.0 Maps\CES 4.0 Final\CES 4.0 Final maps\CES 4.gdb&lt;/WorkspaceConnectionString&gt;&lt;WorkspaceFactory&gt;FileGDB&lt;/WorkspaceFactory&gt;&lt;Dataset&gt;CES4_final_shapefile_CopyFea1&lt;/Dataset&gt;&lt;DatasetType&gt;esriDTFeatureClass&lt;/DatasetType&gt;&lt;/CIMStandardDataConnection&gt;" &lt;operationSequence&gt;&lt;workflow&gt;&lt;DeleteField&gt;&lt;field_name&gt;CES4final_nulls_replaced1_csv_OBJECTID&lt;/field_name&gt;&lt;/DeleteField&gt;&lt;/workflow&gt;&lt;workflow&gt;&lt;AlterField&gt;&lt;field_name&gt;CES4final_nulls_replaced1_csv_Tract&lt;/field_name&gt;&lt;new_field_name&gt;Tract&lt;/new_field_name&gt;&lt;clear_field_alias&gt;False&lt;/clear_field_alias&gt;&lt;/AlterField&gt;&lt;/workflow&gt;&lt;workflow&gt;&lt;AlterField&gt;&lt;field_name&gt;CES4final_nulls_replaced1_csv_ZIP&lt;/field_name&gt;&lt;new_field_name&gt;ZIP&lt;/new_field_name&gt;&lt;clear_field_alias&gt;False&lt;/clear_field_alias&gt;&lt;/AlterField&gt;&lt;/workflow&gt;&lt;workflow&gt;&lt;AlterField&gt;&lt;field_name&gt;CES4final_nulls_replaced1_csv_County&lt;/field_name&gt;&lt;new_field_name&gt;County&lt;/new_field_name&gt;&lt;clear_field_alias&gt;False&lt;/clear_field_alias&gt;&lt;/AlterField&gt;&lt;/workflow&gt;&lt;workflow&gt;&lt;AlterField&gt;&lt;field_name&gt;CES4final_nulls_replaced1_csv_City&lt;/field_name&gt;&lt;new_field_name&gt;ApproxLoc&lt;/new_field_name&gt;&lt;clear_field_alias&gt;False&lt;/clear_field_alias&gt;&lt;/AlterField&gt;&lt;/workflow&gt;&lt;workflow&gt;&lt;AlterField&gt;&lt;field_name&gt;CES4final_nulls_replaced1_csv_TotPop19&lt;/field_name&gt;&lt;new_field_name&gt;TotPop19&lt;/new_field_name&gt;&lt;clear_field_alias&gt;False&lt;/clear_field_alias&gt;&lt;/AlterField&gt;&lt;/workflow&gt;&lt;workflow&gt;&lt;AlterField&gt;&lt;field_name&gt;CES4final_nulls_replaced1_csv_CIscore&lt;/field_name&gt;&lt;new_field_name&gt;CIscore&lt;/new_field_name&gt;&lt;clear_field_alias&gt;False&lt;/clear_field_alias&gt;&lt;/AlterField&gt;&lt;/workflow&gt;&lt;workflow&gt;&lt;AlterField&gt;&lt;field_name&gt;CES4final_nulls_replaced1_csv_CIscoreP&lt;/field_name&gt;&lt;new_field_name&gt;CIscoreP&lt;/new_field_name&gt;&lt;clear_field_alias&gt;False&lt;/clear_field_alias&gt;&lt;/AlterField&gt;&lt;/workflow&gt;&lt;workflow&gt;&lt;AlterField&gt;&lt;field_name&gt;CES4final_nulls_replaced1_csv_Ozone&lt;/field_name&gt;&lt;new_field_name&gt;Ozone&lt;/new_field_name&gt;&lt;clear_field_alias&gt;False&lt;/clear_field_alias&gt;&lt;/AlterField&gt;&lt;/workflow&gt;&lt;workflow&gt;&lt;AlterField&gt;&lt;field_name&gt;CES4final_nulls_replaced1_csv_OzoneP&lt;/field_name&gt;&lt;new_field_name&gt;OzoneP&lt;/new_field_name&gt;&lt;clear_field_alias&gt;False&lt;/clear_field_alias&gt;&lt;/AlterField&gt;&lt;/workflow&gt;&lt;workflow&gt;&lt;AlterField&gt;&lt;field_name&gt;CES4final_nulls_replaced1_csv_PM2_5&lt;/field_name&gt;&lt;new_field_name&gt;PM2_5&lt;/new_field_name&gt;&lt;clear_field_alias&gt;False&lt;/clear_field_alias&gt;&lt;/AlterField&gt;&lt;/workflow&gt;&lt;workflow&gt;&lt;AlterField&gt;&lt;field_name&gt;CES4final_nulls_replaced1_csv_PM2_5_P&lt;/field_name&gt;&lt;new_field_name&gt;PM2_5_P&lt;/new_field_name&gt;&lt;clear_field_alias&gt;False&lt;/clear_field_alias&gt;&lt;/AlterField&gt;&lt;/workflow&gt;&lt;workflow&gt;&lt;AlterField&gt;&lt;field_name&gt;CES4final_nulls_replaced1_csv_DieselPM&lt;/field_name&gt;&lt;new_field_name&gt;DieselPM&lt;/new_field_name&gt;&lt;clear_field_alias&gt;False&lt;/clear_field_alias&gt;&lt;/AlterField&gt;&lt;/workflow&gt;&lt;workflow&gt;&lt;AlterField&gt;&lt;field_name&gt;CES4final_nulls_replaced1_csv_DieselPM_P&lt;/field_name&gt;&lt;new_field_name&gt;DieselPM_P&lt;/new_field_name&gt;&lt;clear_field_alias&gt;False&lt;/clear_field_alias&gt;&lt;/AlterField&gt;&lt;/workflow&gt;&lt;workflow&gt;&lt;AlterField&gt;&lt;field_name&gt;CES4final_nulls_replaced1_csv_Pesticide&lt;/field_name&gt;&lt;new_field_name&gt;Pesticide&lt;/new_field_name&gt;&lt;clear_field_alias&gt;False&lt;/clear_field_alias&gt;&lt;/AlterField&gt;&lt;/workflow&gt;&lt;workflow&gt;&lt;AlterField&gt;&lt;field_name&gt;CES4final_nulls_replaced1_csv_PesticideP&lt;/field_name&gt;&lt;new_field_name&gt;PesticideP&lt;/new_field_name&gt;&lt;clear_field_alias&gt;False&lt;/clear_field_alias&gt;&lt;/AlterField&gt;&lt;/workflow&gt;&lt;workflow&gt;&lt;AlterField&gt;&lt;field_name&gt;CES4final_nulls_replaced1_csv_Tox_Rel&lt;/field_name&gt;&lt;new_field_name&gt;Tox_Rel&lt;/new_field_name&gt;&lt;clear_field_alias&gt;False&lt;/clear_field_alias&gt;&lt;/AlterField&gt;&lt;/workflow&gt;&lt;workflow&gt;&lt;AlterField&gt;&lt;field_name&gt;CES4final_nulls_replaced1_csv_Tox_Rel_P&lt;/field_name&gt;&lt;new_field_name&gt;Tox_Rel_P&lt;/new_field_name&gt;&lt;clear_field_alias&gt;False&lt;/clear_field_alias&gt;&lt;/AlterField&gt;&lt;/workflow&gt;&lt;workflow&gt;&lt;AlterField&gt;&lt;field_name&gt;CES4final_nulls_replaced1_csv_Traffic&lt;/field_name&gt;&lt;new_field_name&gt;Traffic&lt;/new_field_name&gt;&lt;clear_field_alias&gt;False&lt;/clear_field_alias&gt;&lt;/AlterField&gt;&lt;/workflow&gt;&lt;workflow&gt;&lt;AlterField&gt;&lt;field_name&gt;CES4final_nulls_replaced1_csv_TrafficP&lt;/field_name&gt;&lt;new_field_name&gt;TrafficP&lt;/new_field_name&gt;&lt;clear_field_alias&gt;False&lt;/clear_field_alias&gt;&lt;/AlterField&gt;&lt;/workflow&gt;&lt;workflow&gt;&lt;AlterField&gt;&lt;field_name&gt;CES4final_nulls_replaced1_csv_DrinkWat&lt;/field_name&gt;&lt;new_field_name&gt;DrinkWat&lt;/new_field_name&gt;&lt;clear_field_alias&gt;False&lt;/clear_field_alias&gt;&lt;/AlterField&gt;&lt;/workflow&gt;&lt;workflow&gt;&lt;AlterField&gt;&lt;field_name&gt;CES4final_nulls_replaced1_csv_DrinkWatP&lt;/field_name&gt;&lt;new_field_name&gt;DrinkWatP&lt;/new_field_name&gt;&lt;clear_field_alias&gt;False&lt;/clear_field_alias&gt;&lt;/AlterField&gt;&lt;/workflow&gt;&lt;workflow&gt;&lt;AlterField&gt;&lt;field_name&gt;CES4final_nulls_replaced1_csv_Cleanups&lt;/field_name&gt;&lt;new_field_name&gt;Cleanups&lt;/new_field_name&gt;&lt;clear_field_alias&gt;False&lt;/clear_field_alias&gt;&lt;/AlterField&gt;&lt;/workflow&gt;&lt;workflow&gt;&lt;AlterField&gt;&lt;field_name&gt;CES4final_nulls_replaced1_csv_Lead_P&lt;/field_name&gt;&lt;new_field_name&gt;Lead_P&lt;/new_field_name&gt;&lt;clear_field_alias&gt;False&lt;/clear_field_alias&gt;&lt;/AlterField&gt;&lt;/workflow&gt;&lt;workflow&gt;&lt;AlterField&gt;&lt;field_name&gt;CES4final_nulls_replaced1_csv_Cleanup&lt;/field_name&gt;&lt;new_field_name&gt;Cleanup&lt;/new_field_name&gt;&lt;clear_field_alias&gt;False&lt;/clear_field_alias&gt;&lt;/AlterField&gt;&lt;/workflow&gt;&lt;workflow&gt;&lt;AlterField&gt;&lt;field_name&gt;CES4final_nulls_replaced1_csv_CleanupP&lt;/field_name&gt;&lt;new_field_name&gt;CleanupP&lt;/new_field_name&gt;&lt;clear_field_alias&gt;False&lt;/clear_field_alias&gt;&lt;/AlterField&gt;&lt;/workflow&gt;&lt;workflow&gt;&lt;AlterField&gt;&lt;field_name&gt;CES4final_nulls_replaced1_csv_GWThreat&lt;/field_name&gt;&lt;new_field_name&gt;GWThreat&lt;/new_field_name&gt;&lt;clear_field_alias&gt;False&lt;/clear_field_alias&gt;&lt;/AlterField&gt;&lt;/workflow&gt;&lt;workflow&gt;&lt;AlterField&gt;&lt;field_name&gt;CES4final_nulls_replaced1_csv_GWThreatP&lt;/field_name&gt;&lt;new_field_name&gt;GWThreatP&lt;/new_field_name&gt;&lt;clear_field_alias&gt;False&lt;/clear_field_alias&gt;&lt;/AlterField&gt;&lt;/workflow&gt;&lt;workflow&gt;&lt;AlterField&gt;&lt;field_name&gt;CES4final_nulls_replaced1_csv_HazWaste&lt;/field_name&gt;&lt;new_field_name&gt;HazWaste&lt;/new_field_name&gt;&lt;clear_field_alias&gt;False&lt;/clear_field_alias&gt;&lt;/AlterField&gt;&lt;/workflow&gt;&lt;workflow&gt;&lt;AlterField&gt;&lt;field_name&gt;CES4final_nulls_replaced1_csv_HazWasteP&lt;/field_name&gt;&lt;new_field_name&gt;HazWasteP&lt;/new_field_name&gt;&lt;clear_field_alias&gt;False&lt;/clear_field_alias&gt;&lt;/AlterField&gt;&lt;/workflow&gt;&lt;workflow&gt;&lt;AlterField&gt;&lt;field_name&gt;CES4final_nulls_replaced1_csv_Solid_Waste&lt;/field_name&gt;&lt;new_field_name&gt;Solid_Waste&lt;/new_field_name&gt;&lt;clear_field_alias&gt;False&lt;/clear_field_alias&gt;&lt;/AlterField&gt;&lt;/workflow&gt;&lt;workflow&gt;&lt;AlterField&gt;&lt;field_name&gt;CES4final_nulls_replaced1_csv_Solid_Waste_Pctl&lt;/field_name&gt;&lt;new_field_name&gt;Solid_Waste_Pctl&lt;/new_field_name&gt;&lt;clear_field_alias&gt;False&lt;/clear_field_alias&gt;&lt;/AlterField&gt;&lt;/workflow&gt;&lt;workflow&gt;&lt;AlterField&gt;&lt;field_name&gt;CES4final_nulls_replaced1_csv_SolWaste&lt;/field_name&gt;&lt;new_field_name&gt;SolWaste&lt;/new_field_name&gt;&lt;clear_field_alias&gt;False&lt;/clear_field_alias&gt;&lt;/AlterField&gt;&lt;/workflow&gt;&lt;workflow&gt;&lt;AlterField&gt;&lt;field_name&gt;CES4final_nulls_replaced1_csv_SolWasteP&lt;/field_name&gt;&lt;new_field_name&gt;SolWasteP&lt;/new_field_name&gt;&lt;clear_field_alias&gt;False&lt;/clear_field_alias&gt;&lt;/AlterField&gt;&lt;/workflow&gt;&lt;workflow&gt;&lt;AlterField&gt;&lt;field_name&gt;CES4final_nulls_replaced1_csv_PollBurd&lt;/field_name&gt;&lt;new_field_name&gt;PollBurd&lt;/new_field_name&gt;&lt;clear_field_alias&gt;False&lt;/clear_field_alias&gt;&lt;/AlterField&gt;&lt;/workflow&gt;&lt;workflow&gt;&lt;AlterField&gt;&lt;field_name&gt;CES4final_nulls_replaced1_csv_PolBurdSc&lt;/field_name&gt;&lt;new_field_name&gt;PolBurdSc&lt;/new_field_name&gt;&lt;clear_field_alias&gt;False&lt;/clear_field_alias&gt;&lt;/AlterField&gt;&lt;/workflow&gt;&lt;workflow&gt;&lt;AlterField&gt;&lt;field_name&gt;CES4final_nulls_replaced1_csv_PolBurdP&lt;/field_name&gt;&lt;new_field_name&gt;PolBurdP&lt;/new_field_name&gt;&lt;clear_field_alias&gt;False&lt;/clear_field_alias&gt;&lt;/AlterField&gt;&lt;/workflow&gt;&lt;workflow&gt;&lt;AlterField&gt;&lt;field_name&gt;CES4final_nulls_replaced1_csv_Asthma&lt;/field_name&gt;&lt;new_field_name&gt;Asthma&lt;/new_field_name&gt;&lt;clear_field_alias&gt;False&lt;/clear_field_alias&gt;&lt;/AlterField&gt;&lt;/workflow&gt;&lt;workflow&gt;&lt;AlterField&gt;&lt;field_name&gt;CES4final_nulls_replaced1_csv_AsthmaP&lt;/field_name&gt;&lt;new_field_name&gt;AsthmaP&lt;/new_field_name&gt;&lt;clear_field_alias&gt;False&lt;/clear_field_alias&gt;&lt;/AlterField&gt;&lt;/workflow&gt;&lt;workflow&gt;&lt;AlterField&gt;&lt;field_name&gt;CES4final_nulls_replaced1_csv_LowBirtWt&lt;/field_name&gt;&lt;new_field_name&gt;LowBirtWt&lt;/new_field_name&gt;&lt;clear_field_alias&gt;False&lt;/clear_field_alias&gt;&lt;/AlterField&gt;&lt;/workflow&gt;&lt;workflow&gt;&lt;AlterField&gt;&lt;field_name&gt;CES4final_nulls_replaced1_csv_LowBirWP&lt;/field_name&gt;&lt;new_field_name&gt;LowBirWP&lt;/new_field_name&gt;&lt;clear_field_alias&gt;False&lt;/clear_field_alias&gt;&lt;/AlterField&gt;&lt;/workflow&gt;&lt;workflow&gt;&lt;AlterField&gt;&lt;field_name&gt;CES4final_nulls_replaced1_csv_Cardiovas&lt;/field_name&gt;&lt;new_field_name&gt;Cardiovas&lt;/new_field_name&gt;&lt;clear_field_alias&gt;False&lt;/clear_field_alias&gt;&lt;/AlterField&gt;&lt;/workflow&gt;&lt;workflow&gt;&lt;AlterField&gt;&lt;field_name&gt;CES4final_nulls_replaced1_csv_CardiovasP&lt;/field_name&gt;&lt;new_field_name&gt;CardiovasP&lt;/new_field_name&gt;&lt;clear_field_alias&gt;False&lt;/clear_field_alias&gt;&lt;/AlterField&gt;&lt;/workflow&gt;&lt;workflow&gt;&lt;AlterField&gt;&lt;field_name&gt;CES4final_nulls_replaced1_csv_Educatn&lt;/field_name&gt;&lt;new_field_name&gt;Educatn&lt;/new_field_name&gt;&lt;clear_field_alias&gt;False&lt;/clear_field_alias&gt;&lt;/AlterField&gt;&lt;/workflow&gt;&lt;workflow&gt;&lt;AlterField&gt;&lt;field_name&gt;CES4final_nulls_replaced1_csv_EducatP&lt;/field_name&gt;&lt;new_field_name&gt;EducatP&lt;/new_field_name&gt;&lt;clear_field_alias&gt;False&lt;/clear_field_alias&gt;&lt;/AlterField&gt;&lt;/workflow&gt;&lt;workflow&gt;&lt;AlterField&gt;&lt;field_name&gt;CES4final_nulls_replaced1_csv_Ling_Isol&lt;/field_name&gt;&lt;new_field_name&gt;Ling_Isol&lt;/new_field_name&gt;&lt;clear_field_alias&gt;False&lt;/clear_field_alias&gt;&lt;/AlterField&gt;&lt;/workflow&gt;&lt;workflow&gt;&lt;AlterField&gt;&lt;field_name&gt;CES4final_nulls_replaced1_csv_Ling_IsolP&lt;/field_name&gt;&lt;new_field_name&gt;Ling_IsolP&lt;/new_field_name&gt;&lt;clear_field_alias&gt;False&lt;/clear_field_alias&gt;&lt;/AlterField&gt;&lt;/workflow&gt;&lt;workflow&gt;&lt;AlterField&gt;&lt;field_name&gt;CES4final_nulls_replaced1_csv_Poverty&lt;/field_name&gt;&lt;new_field_name&gt;Poverty&lt;/new_field_name&gt;&lt;clear_field_alias&gt;False&lt;/clear_field_alias&gt;&lt;/AlterField&gt;&lt;/workflow&gt;&lt;workflow&gt;&lt;AlterField&gt;&lt;field_name&gt;CES4final_nulls_replaced1_csv_PovertyP&lt;/field_name&gt;&lt;new_field_name&gt;PovertyP&lt;/new_field_name&gt;&lt;clear_field_alias&gt;False&lt;/clear_field_alias&gt;&lt;/AlterField&gt;&lt;/workflow&gt;&lt;workflow&gt;&lt;AlterField&gt;&lt;field_name&gt;CES4final_nulls_replaced1_csv_Unempl&lt;/field_name&gt;&lt;new_field_name&gt;Unempl&lt;/new_field_name&gt;&lt;clear_field_alias&gt;False&lt;/clear_field_alias&gt;&lt;/AlterField&gt;&lt;/workflow&gt;&lt;workflow&gt;&lt;AlterField&gt;&lt;field_name&gt;CES4final_nulls_replaced1_csv_UnemplP&lt;/field_name&gt;&lt;new_field_name&gt;UnemplP&lt;/new_field_name&gt;&lt;clear_field_alias&gt;False&lt;/clear_field_alias&gt;&lt;/AlterField&gt;&lt;/workflow&gt;&lt;workflow&gt;&lt;AlterField&gt;&lt;field_name&gt;CES4final_nulls_replaced1_csv_HousBurd&lt;/field_name&gt;&lt;new_field_name&gt;HousBurd&lt;/new_field_name&gt;&lt;clear_field_alias&gt;False&lt;/clear_field_alias&gt;&lt;/AlterField&gt;&lt;/workflow&gt;&lt;workflow&gt;&lt;AlterField&gt;&lt;field_name&gt;CES4final_nulls_replaced1_csv_HousBurdP&lt;/field_name&gt;&lt;new_field_name&gt;HousBurdP&lt;/new_field_name&gt;&lt;clear_field_alias&gt;False&lt;/clear_field_alias&gt;&lt;/AlterField&gt;&lt;/workflow&gt;&lt;workflow&gt;&lt;AlterField&gt;&lt;field_name&gt;CES4final_nulls_replaced1_csv_PopChar&lt;/field_name&gt;&lt;new_field_name&gt;PopChar&lt;/new_field_name&gt;&lt;clear_field_alias&gt;False&lt;/clear_field_alias&gt;&lt;/AlterField&gt;&lt;/workflow&gt;&lt;workflow&gt;&lt;AlterField&gt;&lt;field_name&gt;CES4final_nulls_replaced1_csv_PopCharSc&lt;/field_name&gt;&lt;new_field_name&gt;PopCharSc&lt;/new_field_name&gt;&lt;clear_field_alias&gt;False&lt;/clear_field_alias&gt;&lt;/AlterField&gt;&lt;/workflow&gt;&lt;workflow&gt;&lt;AlterField&gt;&lt;field_name&gt;CES4final_nulls_replaced1_csv_PopCharP&lt;/field_name&gt;&lt;new_field_name&gt;PopCharP&lt;/new_field_name&gt;&lt;clear_field_alias&gt;False&lt;/clear_field_alias&gt;&lt;/AlterField&gt;&lt;/workflow&gt;&lt;workflow&gt;&lt;AlterField&gt;&lt;field_name&gt;CES4final_nulls_replaced1_csv_Child_10&lt;/field_name&gt;&lt;new_field_name&gt;Child_10&lt;/new_field_name&gt;&lt;clear_field_alias&gt;False&lt;/clear_field_alias&gt;&lt;/AlterField&gt;&lt;/workflow&gt;&lt;workflow&gt;&lt;AlterField&gt;&lt;field_name&gt;CES4final_nulls_replaced1_csv_Pop_10_64&lt;/field_name&gt;&lt;new_field_name&gt;Pop_10_64&lt;/new_field_name&gt;&lt;clear_field_alias&gt;False&lt;/clear_field_alias&gt;&lt;/AlterField&gt;&lt;/workflow&gt;&lt;workflow&gt;&lt;AlterField&gt;&lt;field_name&gt;CES4final_nulls_replaced1_csv_Elderly65&lt;/field_name&gt;&lt;new_field_name&gt;Elderly65&lt;/new_field_name&gt;&lt;clear_field_alias&gt;False&lt;/clear_field_alias&gt;&lt;/AlterField&gt;&lt;/workflow&gt;&lt;workflow&gt;&lt;AlterField&gt;&lt;field_name&gt;CES4final_nulls_replaced1_csv_Hispanic&lt;/field_name&gt;&lt;new_field_name&gt;Hispanic&lt;/new_field_name&gt;&lt;clear_field_alias&gt;False&lt;/clear_field_alias&gt;&lt;/AlterField&gt;&lt;/workflow&gt;&lt;workflow&gt;&lt;AlterField&gt;&lt;field_name&gt;CES4final_nulls_replaced1_csv_White&lt;/field_name&gt;&lt;new_field_name&gt;White&lt;/new_field_name&gt;&lt;clear_field_alias&gt;False&lt;/clear_field_alias&gt;&lt;/AlterField&gt;&lt;/workflow&gt;&lt;workflow&gt;&lt;AlterField&gt;&lt;field_name&gt;CES4final_nulls_replaced1_csv_AfricanAm&lt;/field_name&gt;&lt;new_field_name&gt;AfricanAm&lt;/new_field_name&gt;&lt;clear_field_alias&gt;False&lt;/clear_field_alias&gt;&lt;/AlterField&gt;&lt;/workflow&gt;&lt;workflow&gt;&lt;AlterField&gt;&lt;field_name&gt;CES4final_nulls_replaced1_csv_Pacific_Islander&lt;/field_name&gt;&lt;new_field_name&gt;Pacific_Islander&lt;/new_field_name&gt;&lt;clear_field_alias&gt;False&lt;/clear_field_alias&gt;&lt;/AlterField&gt;&lt;/workflow&gt;&lt;workflow&gt;&lt;AlterField&gt;&lt;field_name&gt;CES4final_nulls_replaced1_csv_AsianAm&lt;/field_name&gt;&lt;new_field_name&gt;AsianAm&lt;/new_field_name&gt;&lt;clear_field_alias&gt;False&lt;/clear_field_alias&gt;&lt;/AlterField&gt;&lt;/workflow&gt;&lt;workflow&gt;&lt;AlterField&gt;&lt;field_name&gt;CES4final_nulls_replaced1_csv_PacificIsl&lt;/field_name&gt;&lt;new_field_name&gt;PacificIsl&lt;/new_field_name&gt;&lt;clear_field_alias&gt;False&lt;/clear_field_alias&gt;&lt;/AlterField&gt;&lt;/workflow&gt;&lt;workflow&gt;&lt;AlterField&gt;&lt;field_name&gt;CES4final_nulls_replaced1_csv_OtherMult&lt;/field_name&gt;&lt;new_field_name&gt;OtherMult&lt;/new_field_name&gt;&lt;clear_field_alias&gt;False&lt;/clear_field_alias&gt;&lt;/AlterField&gt;&lt;/workflow&gt;&lt;/operationSequence&gt;</Process><Process ToolSource="c:\program files\arcgis\pro\Resources\ArcToolbox\toolboxes\Data Management Tools.tbx\CopyFeatures" Date="20211101" Time="093852" Name="" export="">CopyFeatures CES4_final_shapefile_CopyFea1 "C:\Users\kranjbar\OneDrive - California OEHHA\Desktop\CES 4.0 Maps\CES 4.0 Final\CES 4.0 Final Shapefile\CES4_final_shapefile.shp" # # # #</Process><Process ToolSource="c:\program files\arcgis\pro\Resources\ArcToolbox\toolboxes\Data Management Tools.tbx\CopyFeatures" Date="20211101" Time="100725" Name="" export="">CopyFeatures CES4_final_shapefile "C:\Users\kranjbar\OneDrive - California OEHHA\Desktop\CES 4.0 Maps\CES 4.0 Final\CES 4.0 Final.gdb\CES4_final_shapefile2" # # # #</Process><Process ToolSource="c:\program files\arcgis\pro\Resources\ArcToolbox\Toolboxes\Data Management Tools.tbx\UpdateSchema" Date="20211101" Time="100831" Name="" export="">UpdateSchema "CIMDATA=&lt;CIMStandardDataConnection xsi:type='typens:CIMStandardDataConnection' xmlns:xsi='http://www.w3.org/2001/XMLSchema-instance' xmlns:xs='http://www.w3.org/2001/XMLSchema' xmlns:typens='http://www.esri.com/schemas/ArcGIS/2.2.0'&gt;&lt;WorkspaceConnectionString&gt;DATABASE=C:\Users\kranjbar\OneDrive - California OEHHA\Desktop\CES 4.0 Maps\CES 4.0 Final\CES 4.0 Final.gdb&lt;/WorkspaceConnectionString&gt;&lt;WorkspaceFactory&gt;FileGDB&lt;/WorkspaceFactory&gt;&lt;Dataset&gt;CES4_final_shapefile2&lt;/Dataset&gt;&lt;DatasetType&gt;esriDTFeatureClass&lt;/DatasetType&gt;&lt;/CIMStandardDataConnection&gt;" &lt;operationSequence&gt;&lt;workflow&gt;&lt;AlterField&gt;&lt;field_name&gt;Cleanups&lt;/field_name&gt;&lt;new_field_name&gt;Lead&lt;/new_field_name&gt;&lt;clear_field_alias&gt;False&lt;/clear_field_alias&gt;&lt;/AlterField&gt;&lt;/workflow&gt;&lt;workflow&gt;&lt;AlterField&gt;&lt;field_name&gt;Solid_Wast&lt;/field_name&gt;&lt;new_field_name&gt;ImpWatBod&lt;/new_field_name&gt;&lt;clear_field_alias&gt;False&lt;/clear_field_alias&gt;&lt;/AlterField&gt;&lt;/workflow&gt;&lt;workflow&gt;&lt;AlterField&gt;&lt;field_name&gt;Solid_Wa_1&lt;/field_name&gt;&lt;new_field_name&gt;ImpWatBodP&lt;/new_field_name&gt;&lt;clear_field_alias&gt;False&lt;/clear_field_alias&gt;&lt;/AlterField&gt;&lt;/workflow&gt;&lt;/operationSequence&gt;</Process><Process ToolSource="c:\program files\arcgis\pro\Resources\ArcToolbox\toolboxes\Data Management Tools.tbx\CopyFeatures" Date="20211101" Time="101650" Name="" export="">CopyFeatures CES4_final_shapefile2 "C:\Users\kranjbar\OneDrive - California OEHHA\Desktop\CES 4.0 Maps\CES 4.0 Final\CES 4.0 Final Shapefile\CES4_final_shapefile1.shp" # # # #</Process><Process ToolSource="c:\program files\arcgis\pro\Resources\ArcToolbox\Toolboxes\Data Management Tools.tbx\Rename" Date="20211101" Time="102228" Name="" export="">Rename "C:\Users\kranjbar\OneDrive - California OEHHA\Desktop\CES 4.0 Maps\CES 4.0 Final\CES 4.0 Final Shapefile\CES4_final_shapefile1.shp" "C:\Users\kranjbar\OneDrive - California OEHHA\Desktop\CES 4.0 Maps\CES 4.0 Final\CES 4.0 Final Shapefile\CES4_final_shapefile.shp" ShapeFile</Process><Process ToolSource="c:\program files\arcgis\pro\Resources\ArcToolbox\Toolboxes\Data Management Tools.tbx\DeleteField" Date="20211124" Time="083050" Name="" export="">DeleteField CES4_final_shapefile Shape_Le_1</Process><Process ToolSource="c:\program files\arcgis\pro\Resources\ArcToolbox\toolboxes\Data Management Tools.tbx\CopyFeatures" Date="20211124" Time="102055" Name="" export="">CopyFeatures CES4_final_shapefile "C:\Users\kranjbar\OneDrive - California OEHHA\Desktop\CES 4.0 Maps\CES 4.0 Final\calenviroscreen40gdb_F_2021.gdb\CES4_final_shp_11_24" # # # #</Process><Process ToolSource="c:\program files\arcgis\pro\Resources\ArcToolbox\Toolboxes\Data Management Tools.tbx\DeleteField" Date="20211124" Time="102225" Name="" export="">DeleteField CES4_final_shp_11_24 Shape_Leng</Process><Process ToolSource="c:\program files\arcgis\pro\Resources\ArcToolbox\Toolboxes\Data Management Tools.tbx\UpdateSchema" Date="20211124" Time="102325" Name="" export="">UpdateSchema "CIMDATA=&lt;CIMStandardDataConnection xsi:type='typens:CIMStandardDataConnection' xmlns:xsi='http://www.w3.org/2001/XMLSchema-instance' xmlns:xs='http://www.w3.org/2001/XMLSchema' xmlns:typens='http://www.esri.com/schemas/ArcGIS/2.2.0'&gt;&lt;WorkspaceConnectionString&gt;DATABASE=C:\Users\kranjbar\OneDrive - California OEHHA\Desktop\CES 4.0 Maps\CES 4.0 Final\calenviroscreen40gdb_F_2021.gdb&lt;/WorkspaceConnectionString&gt;&lt;WorkspaceFactory&gt;FileGDB&lt;/WorkspaceFactory&gt;&lt;Dataset&gt;CES4_final_shp_11_24&lt;/Dataset&gt;&lt;DatasetType&gt;esriDTFeatureClass&lt;/DatasetType&gt;&lt;/CIMStandardDataConnection&gt;" &lt;operationSequence&gt;&lt;workflow&gt;&lt;AlterField&gt;&lt;field_name&gt;Pacific_Is&lt;/field_name&gt;&lt;new_field_name&gt;NativeAm&lt;/new_field_name&gt;&lt;clear_field_alias&gt;False&lt;/clear_field_alias&gt;&lt;/AlterField&gt;&lt;/workflow&gt;&lt;/operationSequence&gt;</Process><Process ToolSource="c:\program files\arcgis\pro\Resources\ArcToolbox\Toolboxes\Data Management Tools.tbx\UpdateSchema" Date="20211124" Time="104426" Name="" export="">UpdateSchema "CIMDATA=&lt;CIMStandardDataConnection xsi:type='typens:CIMStandardDataConnection' xmlns:xsi='http://www.w3.org/2001/XMLSchema-instance' xmlns:xs='http://www.w3.org/2001/XMLSchema' xmlns:typens='http://www.esri.com/schemas/ArcGIS/2.2.0'&gt;&lt;WorkspaceConnectionString&gt;DATABASE=C:\Users\kranjbar\OneDrive - California OEHHA\Desktop\CES 4.0 Maps\CES 4.0 Final\calenviroscreen40gdb_F_2021.gdb&lt;/WorkspaceConnectionString&gt;&lt;WorkspaceFactory&gt;FileGDB&lt;/WorkspaceFactory&gt;&lt;Dataset&gt;CES4_final_shp_11_24&lt;/Dataset&gt;&lt;DatasetType&gt;esriDTFeatureClass&lt;/DatasetType&gt;&lt;/CIMStandardDataConnection&gt;" &lt;operationSequence&gt;&lt;workflow&gt;&lt;AddField&gt;&lt;field_name&gt;AAPI&lt;/field_name&gt;&lt;field_type&gt;DOUBLE&lt;/field_type&gt;&lt;field_alias&gt;AAPI&lt;/field_alias&gt;&lt;field_is_nullable&gt;True&lt;/field_is_nullable&gt;&lt;field_is_required&gt;False&lt;/field_is_required&gt;&lt;/AddField&gt;&lt;/workflow&gt;&lt;/operationSequence&gt;</Process><Process ToolSource="c:\program files\arcgis\pro\Resources\ArcToolbox\toolboxes\Data Management Tools.tbx\CalculateField" Date="20211124" Time="104521" Name="" export="">CalculateField CES4_final_shp_11_24 AAPI !AsianAm!+!PacificIsl! "Python 3" #</Process><Process ToolSource="c:\program files\arcgis\pro\Resources\ArcToolbox\Toolboxes\Data Management Tools.tbx\DeleteField" Date="20211124" Time="125036">DeleteField CES4_final_shp_11_24 AsianAm;PacificIsl</Process><Process ToolSource="c:\program files\arcgis\pro\Resources\ArcToolbox\toolboxes\Conversion Tools.tbx\FeatureClassToFeatureClass" Date="20211124" Time="125550">FeatureClassToFeatureClass "C:\Users\kranjbar\OneDrive - California OEHHA\Desktop\CES 4.0 Maps\CES 4.0 Final\calenviroscreen40gdb_F_2021.gdb\CES4_final_shp_11_24" "C:\Users\kranjbar\OneDrive - California OEHHA\Desktop\CES 4.0 Maps\CES 4.0 Final\CES 4.0 Final Shapefile" "CES4 Final Shapefile.shp" # "Tract "Tract" true true false 8 Double 0 0,First,#,C:\Users\kranjbar\OneDrive - California OEHHA\Desktop\CES 4.0 Maps\CES 4.0 Final\calenviroscreen40gdb_F_2021.gdb\CES4_final_shp_11_24,Tract,-1,-1;ZIP "ZIP" true true false 4 Long 0 0,First,#,C:\Users\kranjbar\OneDrive - California OEHHA\Desktop\CES 4.0 Maps\CES 4.0 Final\calenviroscreen40gdb_F_2021.gdb\CES4_final_shp_11_24,ZIP,-1,-1;County "County" true true false 254 Text 0 0,First,#,C:\Users\kranjbar\OneDrive - California OEHHA\Desktop\CES 4.0 Maps\CES 4.0 Final\calenviroscreen40gdb_F_2021.gdb\CES4_final_shp_11_24,County,0,254;ApproxLoc "ApproxLoc" true true false 254 Text 0 0,First,#,C:\Users\kranjbar\OneDrive - California OEHHA\Desktop\CES 4.0 Maps\CES 4.0 Final\calenviroscreen40gdb_F_2021.gdb\CES4_final_shp_11_24,ApproxLoc,0,254;TotPop19 "TotPop19" true true false 4 Long 0 0,First,#,C:\Users\kranjbar\OneDrive - California OEHHA\Desktop\CES 4.0 Maps\CES 4.0 Final\calenviroscreen40gdb_F_2021.gdb\CES4_final_shp_11_24,TotPop19,-1,-1;CIscore "CIscore" true true false 8 Double 0 0,First,#,C:\Users\kranjbar\OneDrive - California OEHHA\Desktop\CES 4.0 Maps\CES 4.0 Final\calenviroscreen40gdb_F_2021.gdb\CES4_final_shp_11_24,CIscore,-1,-1;CIscoreP "CIscoreP" true true false 8 Double 0 0,First,#,C:\Users\kranjbar\OneDrive - California OEHHA\Desktop\CES 4.0 Maps\CES 4.0 Final\calenviroscreen40gdb_F_2021.gdb\CES4_final_shp_11_24,CIscoreP,-1,-1;Ozone "Ozone" true true false 8 Double 0 0,First,#,C:\Users\kranjbar\OneDrive - California OEHHA\Desktop\CES 4.0 Maps\CES 4.0 Final\calenviroscreen40gdb_F_2021.gdb\CES4_final_shp_11_24,Ozone,-1,-1;OzoneP "OzoneP" true true false 8 Double 0 0,First,#,C:\Users\kranjbar\OneDrive - California OEHHA\Desktop\CES 4.0 Maps\CES 4.0 Final\calenviroscreen40gdb_F_2021.gdb\CES4_final_shp_11_24,OzoneP,-1,-1;PM2_5 "PM2_5" true true false 8 Double 0 0,First,#,C:\Users\kranjbar\OneDrive - California OEHHA\Desktop\CES 4.0 Maps\CES 4.0 Final\calenviroscreen40gdb_F_2021.gdb\CES4_final_shp_11_24,PM2_5,-1,-1;PM2_5_P "PM2_5_P" true true false 8 Double 0 0,First,#,C:\Users\kranjbar\OneDrive - California OEHHA\Desktop\CES 4.0 Maps\CES 4.0 Final\calenviroscreen40gdb_F_2021.gdb\CES4_final_shp_11_24,PM2_5_P,-1,-1;DieselPM "DieselPM" true true false 8 Double 0 0,First,#,C:\Users\kranjbar\OneDrive - California OEHHA\Desktop\CES 4.0 Maps\CES 4.0 Final\calenviroscreen40gdb_F_2021.gdb\CES4_final_shp_11_24,DieselPM,-1,-1;DieselPM_P "DieselPM_P" true true false 8 Double 0 0,First,#,C:\Users\kranjbar\OneDrive - California OEHHA\Desktop\CES 4.0 Maps\CES 4.0 Final\calenviroscreen40gdb_F_2021.gdb\CES4_final_shp_11_24,DieselPM_P,-1,-1;Pesticide "Pesticide" true true false 8 Double 0 0,First,#,C:\Users\kranjbar\OneDrive - California OEHHA\Desktop\CES 4.0 Maps\CES 4.0 Final\calenviroscreen40gdb_F_2021.gdb\CES4_final_shp_11_24,Pesticide,-1,-1;PesticideP "PesticideP" true true false 8 Double 0 0,First,#,C:\Users\kranjbar\OneDrive - California OEHHA\Desktop\CES 4.0 Maps\CES 4.0 Final\calenviroscreen40gdb_F_2021.gdb\CES4_final_shp_11_24,PesticideP,-1,-1;Tox_Rel "Tox_Rel" true true false 8 Double 0 0,First,#,C:\Users\kranjbar\OneDrive - California OEHHA\Desktop\CES 4.0 Maps\CES 4.0 Final\calenviroscreen40gdb_F_2021.gdb\CES4_final_shp_11_24,Tox_Rel,-1,-1;Tox_Rel_P "Tox_Rel_P" true true false 8 Double 0 0,First,#,C:\Users\kranjbar\OneDrive - California OEHHA\Desktop\CES 4.0 Maps\CES 4.0 Final\calenviroscreen40gdb_F_2021.gdb\CES4_final_shp_11_24,Tox_Rel_P,-1,-1;Traffic "Traffic" true true false 8 Double 0 0,First,#,C:\Users\kranjbar\OneDrive - California OEHHA\Desktop\CES 4.0 Maps\CES 4.0 Final\calenviroscreen40gdb_F_2021.gdb\CES4_final_shp_11_24,Traffic,-1,-1;TrafficP "TrafficP" true true false 8 Double 0 0,First,#,C:\Users\kranjbar\OneDrive - California OEHHA\Desktop\CES 4.0 Maps\CES 4.0 Final\calenviroscreen40gdb_F_2021.gdb\CES4_final_shp_11_24,TrafficP,-1,-1;DrinkWat "DrinkWat" true true false 8 Double 0 0,First,#,C:\Users\kranjbar\OneDrive - California OEHHA\Desktop\CES 4.0 Maps\CES 4.0 Final\calenviroscreen40gdb_F_2021.gdb\CES4_final_shp_11_24,DrinkWat,-1,-1;DrinkWatP "DrinkWatP" true true false 8 Double 0 0,First,#,C:\Users\kranjbar\OneDrive - California OEHHA\Desktop\CES 4.0 Maps\CES 4.0 Final\calenviroscreen40gdb_F_2021.gdb\CES4_final_shp_11_24,DrinkWatP,-1,-1;Lead "Lead" true true false 8 Double 0 0,First,#,C:\Users\kranjbar\OneDrive - California OEHHA\Desktop\CES 4.0 Maps\CES 4.0 Final\calenviroscreen40gdb_F_2021.gdb\CES4_final_shp_11_24,Lead,-1,-1;Lead_P "Lead_P" true true false 8 Double 0 0,First,#,C:\Users\kranjbar\OneDrive - California OEHHA\Desktop\CES 4.0 Maps\CES 4.0 Final\calenviroscreen40gdb_F_2021.gdb\CES4_final_shp_11_24,Lead_P,-1,-1;Cleanup "Cleanup" true true false 8 Double 0 0,First,#,C:\Users\kranjbar\OneDrive - California OEHHA\Desktop\CES 4.0 Maps\CES 4.0 Final\calenviroscreen40gdb_F_2021.gdb\CES4_final_shp_11_24,Cleanup,-1,-1;CleanupP "CleanupP" true true false 8 Double 0 0,First,#,C:\Users\kranjbar\OneDrive - California OEHHA\Desktop\CES 4.0 Maps\CES 4.0 Final\calenviroscreen40gdb_F_2021.gdb\CES4_final_shp_11_24,CleanupP,-1,-1;GWThreat "GWThreat" true true false 8 Double 0 0,First,#,C:\Users\kranjbar\OneDrive - California OEHHA\Desktop\CES 4.0 Maps\CES 4.0 Final\calenviroscreen40gdb_F_2021.gdb\CES4_final_shp_11_24,GWThreat,-1,-1;GWThreatP "GWThreatP" true true false 8 Double 0 0,First,#,C:\Users\kranjbar\OneDrive - California OEHHA\Desktop\CES 4.0 Maps\CES 4.0 Final\calenviroscreen40gdb_F_2021.gdb\CES4_final_shp_11_24,GWThreatP,-1,-1;HazWaste "HazWaste" true true false 8 Double 0 0,First,#,C:\Users\kranjbar\OneDrive - California OEHHA\Desktop\CES 4.0 Maps\CES 4.0 Final\calenviroscreen40gdb_F_2021.gdb\CES4_final_shp_11_24,HazWaste,-1,-1;HazWasteP "HazWasteP" true true false 8 Double 0 0,First,#,C:\Users\kranjbar\OneDrive - California OEHHA\Desktop\CES 4.0 Maps\CES 4.0 Final\calenviroscreen40gdb_F_2021.gdb\CES4_final_shp_11_24,HazWasteP,-1,-1;ImpWatBod "ImpWatBod" true true false 8 Double 0 0,First,#,C:\Users\kranjbar\OneDrive - California OEHHA\Desktop\CES 4.0 Maps\CES 4.0 Final\calenviroscreen40gdb_F_2021.gdb\CES4_final_shp_11_24,ImpWatBod,-1,-1;ImpWatBodP "ImpWatBodP" true true false 8 Double 0 0,First,#,C:\Users\kranjbar\OneDrive - California OEHHA\Desktop\CES 4.0 Maps\CES 4.0 Final\calenviroscreen40gdb_F_2021.gdb\CES4_final_shp_11_24,ImpWatBodP,-1,-1;SolWaste "SolWaste" true true false 8 Double 0 0,First,#,C:\Users\kranjbar\OneDrive - California OEHHA\Desktop\CES 4.0 Maps\CES 4.0 Final\calenviroscreen40gdb_F_2021.gdb\CES4_final_shp_11_24,SolWaste,-1,-1;SolWasteP "SolWasteP" true true false 8 Double 0 0,First,#,C:\Users\kranjbar\OneDrive - California OEHHA\Desktop\CES 4.0 Maps\CES 4.0 Final\calenviroscreen40gdb_F_2021.gdb\CES4_final_shp_11_24,SolWasteP,-1,-1;PollBurd "PollBurd" true true false 8 Double 0 0,First,#,C:\Users\kranjbar\OneDrive - California OEHHA\Desktop\CES 4.0 Maps\CES 4.0 Final\calenviroscreen40gdb_F_2021.gdb\CES4_final_shp_11_24,PollBurd,-1,-1;PolBurdSc "PolBurdSc" true true false 8 Double 0 0,First,#,C:\Users\kranjbar\OneDrive - California OEHHA\Desktop\CES 4.0 Maps\CES 4.0 Final\calenviroscreen40gdb_F_2021.gdb\CES4_final_shp_11_24,PolBurdSc,-1,-1;PolBurdP "PolBurdP" true true false 8 Double 0 0,First,#,C:\Users\kranjbar\OneDrive - California OEHHA\Desktop\CES 4.0 Maps\CES 4.0 Final\calenviroscreen40gdb_F_2021.gdb\CES4_final_shp_11_24,PolBurdP,-1,-1;Asthma "Asthma" true true false 8 Double 0 0,First,#,C:\Users\kranjbar\OneDrive - California OEHHA\Desktop\CES 4.0 Maps\CES 4.0 Final\calenviroscreen40gdb_F_2021.gdb\CES4_final_shp_11_24,Asthma,-1,-1;AsthmaP "AsthmaP" true true false 8 Double 0 0,First,#,C:\Users\kranjbar\OneDrive - California OEHHA\Desktop\CES 4.0 Maps\CES 4.0 Final\calenviroscreen40gdb_F_2021.gdb\CES4_final_shp_11_24,AsthmaP,-1,-1;LowBirtWt "LowBirtWt" true true false 8 Double 0 0,First,#,C:\Users\kranjbar\OneDrive - California OEHHA\Desktop\CES 4.0 Maps\CES 4.0 Final\calenviroscreen40gdb_F_2021.gdb\CES4_final_shp_11_24,LowBirtWt,-1,-1;LowBirWP "LowBirWP" true true false 8 Double 0 0,First,#,C:\Users\kranjbar\OneDrive - California OEHHA\Desktop\CES 4.0 Maps\CES 4.0 Final\calenviroscreen40gdb_F_2021.gdb\CES4_final_shp_11_24,LowBirWP,-1,-1;Cardiovas "Cardiovas" true true false 8 Double 0 0,First,#,C:\Users\kranjbar\OneDrive - California OEHHA\Desktop\CES 4.0 Maps\CES 4.0 Final\calenviroscreen40gdb_F_2021.gdb\CES4_final_shp_11_24,Cardiovas,-1,-1;CardiovasP "CardiovasP" true true false 8 Double 0 0,First,#,C:\Users\kranjbar\OneDrive - California OEHHA\Desktop\CES 4.0 Maps\CES 4.0 Final\calenviroscreen40gdb_F_2021.gdb\CES4_final_shp_11_24,CardiovasP,-1,-1;Educatn "Educatn" true true false 8 Double 0 0,First,#,C:\Users\kranjbar\OneDrive - California OEHHA\Desktop\CES 4.0 Maps\CES 4.0 Final\calenviroscreen40gdb_F_2021.gdb\CES4_final_shp_11_24,Educatn,-1,-1;EducatP "EducatP" true true false 8 Double 0 0,First,#,C:\Users\kranjbar\OneDrive - California OEHHA\Desktop\CES 4.0 Maps\CES 4.0 Final\calenviroscreen40gdb_F_2021.gdb\CES4_final_shp_11_24,EducatP,-1,-1;Ling_Isol "Ling_Isol" true true false 8 Double 0 0,First,#,C:\Users\kranjbar\OneDrive - California OEHHA\Desktop\CES 4.0 Maps\CES 4.0 Final\calenviroscreen40gdb_F_2021.gdb\CES4_final_shp_11_24,Ling_Isol,-1,-1;Ling_IsolP "Ling_IsolP" true true false 8 Double 0 0,First,#,C:\Users\kranjbar\OneDrive - California OEHHA\Desktop\CES 4.0 Maps\CES 4.0 Final\calenviroscreen40gdb_F_2021.gdb\CES4_final_shp_11_24,Ling_IsolP,-1,-1;Poverty "Poverty" true true false 8 Double 0 0,First,#,C:\Users\kranjbar\OneDrive - California OEHHA\Desktop\CES 4.0 Maps\CES 4.0 Final\calenviroscreen40gdb_F_2021.gdb\CES4_final_shp_11_24,Poverty,-1,-1;PovertyP "PovertyP" true true false 8 Double 0 0,First,#,C:\Users\kranjbar\OneDrive - California OEHHA\Desktop\CES 4.0 Maps\CES 4.0 Final\calenviroscreen40gdb_F_2021.gdb\CES4_final_shp_11_24,PovertyP,-1,-1;Unempl "Unempl" true true false 8 Double 0 0,First,#,C:\Users\kranjbar\OneDrive - California OEHHA\Desktop\CES 4.0 Maps\CES 4.0 Final\calenviroscreen40gdb_F_2021.gdb\CES4_final_shp_11_24,Unempl,-1,-1;UnemplP "UnemplP" true true false 8 Double 0 0,First,#,C:\Users\kranjbar\OneDrive - California OEHHA\Desktop\CES 4.0 Maps\CES 4.0 Final\calenviroscreen40gdb_F_2021.gdb\CES4_final_shp_11_24,UnemplP,-1,-1;HousBurd "HousBurd" true true false 8 Double 0 0,First,#,C:\Users\kranjbar\OneDrive - California OEHHA\Desktop\CES 4.0 Maps\CES 4.0 Final\calenviroscreen40gdb_F_2021.gdb\CES4_final_shp_11_24,HousBurd,-1,-1;HousBurdP "HousBurdP" true true false 8 Double 0 0,First,#,C:\Users\kranjbar\OneDrive - California OEHHA\Desktop\CES 4.0 Maps\CES 4.0 Final\calenviroscreen40gdb_F_2021.gdb\CES4_final_shp_11_24,HousBurdP,-1,-1;PopChar "PopChar" true true false 8 Double 0 0,First,#,C:\Users\kranjbar\OneDrive - California OEHHA\Desktop\CES 4.0 Maps\CES 4.0 Final\calenviroscreen40gdb_F_2021.gdb\CES4_final_shp_11_24,PopChar,-1,-1;PopCharSc "PopCharSc" true true false 8 Double 0 0,First,#,C:\Users\kranjbar\OneDrive - California OEHHA\Desktop\CES 4.0 Maps\CES 4.0 Final\calenviroscreen40gdb_F_2021.gdb\CES4_final_shp_11_24,PopCharSc,-1,-1;PopCharP "PopCharP" true true false 8 Double 0 0,First,#,C:\Users\kranjbar\OneDrive - California OEHHA\Desktop\CES 4.0 Maps\CES 4.0 Final\calenviroscreen40gdb_F_2021.gdb\CES4_final_shp_11_24,PopCharP,-1,-1;Child_10 "Child_10" true true false 8 Double 0 0,First,#,C:\Users\kranjbar\OneDrive - California OEHHA\Desktop\CES 4.0 Maps\CES 4.0 Final\calenviroscreen40gdb_F_2021.gdb\CES4_final_shp_11_24,Child_10,-1,-1;Pop_10_64 "Pop_10_64" true true false 8 Double 0 0,First,#,C:\Users\kranjbar\OneDrive - California OEHHA\Desktop\CES 4.0 Maps\CES 4.0 Final\calenviroscreen40gdb_F_2021.gdb\CES4_final_shp_11_24,Pop_10_64,-1,-1;Elderly65 "Elderly65" true true false 8 Double 0 0,First,#,C:\Users\kranjbar\OneDrive - California OEHHA\Desktop\CES 4.0 Maps\CES 4.0 Final\calenviroscreen40gdb_F_2021.gdb\CES4_final_shp_11_24,Elderly65,-1,-1;Hispanic "Hispanic" true true false 8 Double 0 0,First,#,C:\Users\kranjbar\OneDrive - California OEHHA\Desktop\CES 4.0 Maps\CES 4.0 Final\calenviroscreen40gdb_F_2021.gdb\CES4_final_shp_11_24,Hispanic,-1,-1;White "White" true true false 8 Double 0 0,First,#,C:\Users\kranjbar\OneDrive - California OEHHA\Desktop\CES 4.0 Maps\CES 4.0 Final\calenviroscreen40gdb_F_2021.gdb\CES4_final_shp_11_24,White,-1,-1;AfricanAm "AfricanAm" true true false 8 Double 0 0,First,#,C:\Users\kranjbar\OneDrive - California OEHHA\Desktop\CES 4.0 Maps\CES 4.0 Final\calenviroscreen40gdb_F_2021.gdb\CES4_final_shp_11_24,AfricanAm,-1,-1;NativeAm "Pacific_Is" true true false 8 Double 0 0,First,#,C:\Users\kranjbar\OneDrive - California OEHHA\Desktop\CES 4.0 Maps\CES 4.0 Final\calenviroscreen40gdb_F_2021.gdb\CES4_final_shp_11_24,NativeAm,-1,-1;OtherMult "OtherMult" true true false 8 Double 0 0,First,#,C:\Users\kranjbar\OneDrive - California OEHHA\Desktop\CES 4.0 Maps\CES 4.0 Final\calenviroscreen40gdb_F_2021.gdb\CES4_final_shp_11_24,OtherMult,-1,-1;Shape_Leng "Shape_Length" false true true 8 Double 0 0,First,#,C:\Users\kranjbar\OneDrive - California OEHHA\Desktop\CES 4.0 Maps\CES 4.0 Final\calenviroscreen40gdb_F_2021.gdb\CES4_final_shp_11_24,Shape_Length,-1,-1;Shape_Area "Shape_Area" false true true 8 Double 0 0,First,#,C:\Users\kranjbar\OneDrive - California OEHHA\Desktop\CES 4.0 Maps\CES 4.0 Final\calenviroscreen40gdb_F_2021.gdb\CES4_final_shp_11_24,Shape_Area,-1,-1;AAPI "AAPI" true true false 8 Double 0 0,First,#,C:\Users\kranjbar\OneDrive - California OEHHA\Desktop\CES 4.0 Maps\CES 4.0 Final\calenviroscreen40gdb_F_2021.gdb\CES4_final_shp_11_24,AAPI,-1,-1" #</Process></lineage><itemProps><itemName Sync="TRUE">CES4 Final Shapefile</itemName><imsContentType Sync="TRUE">002</imsContentType><nativeExtBox><westBL Sync="TRUE">-373976.129300</westBL><eastBL Sync="TRUE">539719.617300</eastBL><southBL Sync="TRUE">-604512.649500</southBL><northBL Sync="TRUE">450022.491300</northBL><exTypeCode Sync="TRUE">1</exTypeCode></nativeExtBox><itemLocation><linkage Sync="TRUE">file://\\RANJBAR-820G4\C$\Users\kranjbar\OneDrive - California OEHHA\Desktop\CES 4.0 Maps\CES 4.0 Final\CES 4.0 Final Shapefile\CES4 Final Shapefile.shp</linkage><protocol Sync="TRUE">Local Area Network</protocol></itemLocation><itemSize Sync="TRUE">0.000</itemSize></itemProps><coordRef><type Sync="TRUE">Projected</type><geogcsn Sync="TRUE">GCS_North_American_1983</geogcsn><csUnits Sync="TRUE">Linear Unit: Meter (1.000000)</csUnits><projcsn Sync="TRUE">NAD_1983_California_Teale_Albers</projcsn><peXml Sync="TRUE">&lt;ProjectedCoordinateSystem xsi:type='typens:ProjectedCoordinateSystem' xmlns:xsi='http://www.w3.org/2001/XMLSchema-instance' xmlns:xs='http://www.w3.org/2001/XMLSchema' xmlns:typens='http://www.esri.com/schemas/ArcGIS/2.2.0'&gt;&lt;WKT&gt;PROJCS[&amp;quot;NAD_1983_California_Teale_Albers&amp;quot;,GEOGCS[&amp;quot;GCS_North_American_1983&amp;quot;,DATUM[&amp;quot;D_North_American_1983&amp;quot;,SPHEROID[&amp;quot;GRS_1980&amp;quot;,6378137.0,298.257222101]],PRIMEM[&amp;quot;Greenwich&amp;quot;,0.0],UNIT[&amp;quot;Degree&amp;quot;,0.0174532925199433]],PROJECTION[&amp;quot;Albers&amp;quot;],PARAMETER[&amp;quot;False_Easting&amp;quot;,0.0],PARAMETER[&amp;quot;False_Northing&amp;quot;,-4000000.0],PARAMETER[&amp;quot;Central_Meridian&amp;quot;,-120.0],PARAMETER[&amp;quot;Standard_Parallel_1&amp;quot;,34.0],PARAMETER[&amp;quot;Standard_Parallel_2&amp;quot;,40.5],PARAMETER[&amp;quot;Latitude_Of_Origin&amp;quot;,0.0],UNIT[&amp;quot;Meter&amp;quot;,1.0],AUTHORITY[&amp;quot;EPSG&amp;quot;,3310]]&lt;/WKT&gt;&lt;XOrigin&gt;-16909700&lt;/XOrigin&gt;&lt;YOrigin&gt;-8597000&lt;/YOrigin&gt;&lt;XYScale&gt;266332319.7555542&lt;/XYScale&gt;&lt;ZOrigin&gt;-100000&lt;/ZOrigin&gt;&lt;ZScale&gt;10000&lt;/ZScale&gt;&lt;MOrigin&gt;-100000&lt;/MOrigin&gt;&lt;MScale&gt;10000&lt;/MScale&gt;&lt;XYTolerance&gt;0.001&lt;/XYTolerance&gt;&lt;ZTolerance&gt;0.001&lt;/ZTolerance&gt;&lt;MTolerance&gt;0.001&lt;/MTolerance&gt;&lt;HighPrecision&gt;true&lt;/HighPrecision&gt;&lt;WKID&gt;3310&lt;/WKID&gt;&lt;LatestWKID&gt;3310&lt;/LatestWKID&gt;&lt;/ProjectedCoordinateSystem&gt;</peXml></coordRef></DataProperties><SyncDate>20211124</SyncDate><SyncTime>12554800</SyncTime><ModDate>20211124</ModDate><ModTime>12554800</ModTime><scaleRange><minScale>625000</minScale><maxScale>5000</maxScale></scaleRange></Esri><dataIdInfo><envirDesc Sync="TRUE">Microsoft Windows 10 Version 10.0 (Build 19042) ; Esri ArcGIS 12.2.0.12813</envirDesc><dataLang><languageCode value="eng" Sync="TRUE"/><countryCode value="USA" Sync="TRUE"/></dataLang><idCitation><resTitle Sync="FALSE">CES 4.0 Final Results</resTitle><presForm><PresFormCd value="005" Sync="TRUE"/></presForm></idCitation><spatRpType><SpatRepTypCd value="001" Sync="TRUE"/></spatRpType><dataExt><geoEle xmlns=""><GeoBndBox esriExtentType="search"><exTypeCode Sync="TRUE">1</exTypeCode><westBL Sync="TRUE">-124.506026</westBL><eastBL Sync="TRUE">-113.502228</eastBL><northBL Sync="TRUE">42.068501</northBL><southBL Sync="TRUE">32.423801</southBL></GeoBndBox></geoEle></dataExt><idPurp>This file contains data used in the latest iteration of the California Communities Environmental Health Screening Tool (CalEnviroScreen 4.0)</idPurp><idAbs>&lt;DIV STYLE="text-align:Left;"&gt;&lt;DIV&gt;&lt;DIV&gt;&lt;P&gt;&lt;SPAN&gt;The Office of Environmental Health Hazard Assessment (OEHHA), on behalf of the California Environmental Protection Agency (CalEPA), announces the availability of the Communities Environmental Health Screening Tool: CalEnviroScreen Version 4.0. CalEnviroScreen is a screening methodology that can be used to help identify California communities that are disproportionately burdened by multiple sources of pollution. The 4.0 report and supporting documents are available at: http://oehha.ca.gov/calenviroscreen/report/calenviroscreen-40&lt;/SPAN&gt;&lt;/P&gt;&lt;/DIV&gt;&lt;/DIV&gt;&lt;/DIV&gt;</idAbs><idCredit>OEHHA, CalEPA</idCredit><searchKeys><keyword>CalEnviroScreen 3.0</keyword><keyword>CalEnviroScreen 4.0</keyword><keyword>OEHHA</keyword><keyword>CalEPA</keyword><keyword>Environmental Justice</keyword></searchKeys><resConst><Consts><useLimit>&lt;DIV STYLE="text-align:Left;"&gt;&lt;DIV&gt;&lt;DIV&gt;&lt;P&gt;&lt;SPAN&gt;Review the CalEnviroScreen 4.0 report at: &lt;/SPAN&gt;&lt;A href="http://oehha.ca.gov/calenviroscreen/report/calenviroscreen-30" STYLE="text-decoration:underline;"&gt;&lt;SPAN STYLE="text-decoration:underline;"&gt;&lt;SPAN&gt;http://oehha.ca.gov/calenviroscreen/report/calenviroscreen-40 &lt;/SPAN&gt;&lt;/SPAN&gt;&lt;/A&gt;&lt;SPAN&gt;for guidance on CalEnviroScreen use. &lt;/SPAN&gt;&lt;/P&gt;&lt;/DIV&gt;&lt;/DIV&gt;&lt;/DIV&gt;</useLimit></Consts></resConst><dataChar><CharSetCd value="004"/></dataChar></dataIdInfo><mdLang><languageCode value="eng" Sync="TRUE"/><countryCode value="USA" Sync="TRUE"/></mdLang><distInfo><distFormat><formatName Sync="TRUE">Shapefile</formatName></distFormat><distTranOps><transSize Sync="TRUE">0.000</transSize></distTranOps></distInfo><mdHrLv><ScopeCd value="005" Sync="TRUE"/></mdHrLv><mdHrLvName Sync="TRUE">dataset</mdHrLvName><refSysInfo><RefSystem><refSysID><identCode code="3310" Sync="TRUE"/><idCodeSpace Sync="TRUE">EPSG</idCodeSpace><idVersion Sync="TRUE">6.8(9.2.0)</idVersion></refSysID></RefSystem></refSysInfo><spatRepInfo><VectSpatRep><geometObjs Name="CES4 Final Shapefile"><geoObjTyp><GeoObjTypCd value="002" Sync="TRUE"></GeoObjTypCd></geoObjTyp><geoObjCnt Sync="TRUE">0</geoObjCnt></geometObjs><topLvl><TopoLevCd value="001" Sync="TRUE"></TopoLevCd></topLvl></VectSpatRep></spatRepInfo><spdoinfo><ptvctinf><esriterm Name="CES4 Final Shapefile"><efeatyp Sync="TRUE">Simple</efeatyp><efeageom code="4" Sync="TRUE"></efeageom><esritopo Sync="TRUE">FALSE</esritopo><efeacnt Sync="TRUE">0</efeacnt><spindex Sync="TRUE">FALSE</spindex><linrefer Sync="TRUE">FALSE</linrefer></esriterm></ptvctinf></spdoinfo><eainfo><detailed Name="CES4 Final Shapefile" xmlns=""><enttyp><enttypl Sync="FALSE">CES4_final_shapefile</enttypl><enttypt Sync="TRUE">Feature Class</enttypt><enttypc Sync="TRUE">0</enttypc></enttyp><attr><attrlabl Sync="TRUE">FID</attrlabl><attalias Sync="TRUE">FID</attalias><attrtype Sync="TRUE">OID</attrtype><attwidth Sync="TRUE">4</attwidth><atprecis Sync="TRUE">0</atprecis><attscale Sync="TRUE">0</attscale><attrdef Sync="TRUE">Internal feature number.</attrdef><attrdefs Sync="TRUE">Esri</attrdefs><attrdomv><udom Sync="TRUE">Sequential unique whole numbers that are automatically generated.</udom></attrdomv></attr><attr xmlns=""><attrlabl Sync="TRUE">Shape</attrlabl><attalias Sync="TRUE">Shape</attalias><attrtype Sync="TRUE">Geometry</attrtype><attwidth Sync="TRUE">0</attwidth><atprecis Sync="TRUE">0</atprecis><attscale Sync="TRUE">0</attscale><attrdef Sync="TRUE">Feature geometry.</attrdef><attrdefs Sync="TRUE">Esri</attrdefs><attrdomv><udom Sync="TRUE">Coordinates defining the features.</udom></attrdomv></attr><attr xmlns=""><attrlabl Sync="TRUE">Tract</attrlabl><attalias Sync="TRUE">Tract</attalias><attrtype Sync="TRUE">Double</attrtype><attwidth Sync="TRUE">19</attwidth><atprecis Sync="TRUE">0</atprecis><attscale Sync="TRUE">0</attscale><attrdef>Census Tract ID from 2010 Census</attrdef></attr><attr xmlns=""><attrlabl Sync="TRUE">ZIP</attrlabl><attalias Sync="TRUE">ZIP</attalias><attrtype Sync="TRUE">Integer</attrtype><attwidth Sync="TRUE">10</attwidth><atprecis Sync="TRUE">10</atprecis><attscale Sync="TRUE">0</attscale><attrdef>Postal ZIP Code that the census tract falls within</attrdef></attr><attr xmlns=""><attrlabl Sync="TRUE">County</attrlabl><attalias Sync="TRUE">County</attalias><attrtype Sync="TRUE">String</attrtype><attwidth Sync="TRUE">254</attwidth><atprecis Sync="TRUE">0</atprecis><attscale Sync="TRUE">0</attscale><attrdef>California county that the census tract falls within</attrdef></attr><attr xmlns=""><attrlabl Sync="TRUE">ApproxLoc</attrlabl><attalias Sync="TRUE">ApproxLoc</attalias><attrtype Sync="TRUE">String</attrtype><attwidth Sync="TRUE">254</attwidth><atprecis Sync="TRUE">0</atprecis><attscale Sync="TRUE">0</attscale><attrdef>Approximate city where each census tract is located based on US Census Incorporated Places (2020, Cities), US Census Designated Places, (2020, Designated Places), and the CA Department of Tax and Fees City and County Boundaries and City Annexations (2021, Unincorporated Areas) boundary files. All tracts that did not fall within one of these boundaries were assigned "unincorporated county area" based on that tract's county. This is for reference purposes only and should not be used to determine whether a census tract falls within a city or town boundary.</attrdef></attr><attr xmlns=""><attrlabl Sync="TRUE">TotPop19</attrlabl><attalias Sync="TRUE">TotPop19</attalias><attrtype Sync="TRUE">Integer</attrtype><attwidth Sync="TRUE">10</attwidth><atprecis Sync="TRUE">10</atprecis><attscale Sync="TRUE">0</attscale><attrdef>2019 American Community Survey (ACS) population in census tracts</attrdef></attr><attr xmlns=""><attrlabl Sync="TRUE">CIscore</attrlabl><attalias Sync="TRUE">CIscore</attalias><attrtype Sync="TRUE">Double</attrtype><attwidth Sync="TRUE">19</attwidth><atprecis Sync="TRUE">0</atprecis><attscale Sync="TRUE">0</attscale><attrdef>CalEnviroScreen Score, Pollution Score multiplied by Population Characteristics Score</attrdef></attr><attr xmlns=""><attrlabl Sync="TRUE">CIscoreP</attrlabl><attalias Sync="TRUE">CIscoreP</attalias><attrtype Sync="TRUE">Double</attrtype><attwidth Sync="TRUE">19</attwidth><atprecis Sync="TRUE">0</atprecis><attscale Sync="TRUE">0</attscale><attrdef>Percentile of the CalEnviroScreen score</attrdef></attr><attr xmlns=""><attrlabl Sync="TRUE">Ozone</attrlabl><attalias Sync="TRUE">Ozone</attalias><attrtype Sync="TRUE">Double</attrtype><attwidth Sync="TRUE">19</attwidth><atprecis Sync="TRUE">0</atprecis><attscale Sync="TRUE">0</attscale><attrdef>Daily maximum 8 hour Ozone concentration</attrdef></attr><attr xmlns=""><attrlabl Sync="TRUE">OzoneP</attrlabl><attalias Sync="TRUE">OzoneP</attalias><attrtype Sync="TRUE">Double</attrtype><attwidth Sync="TRUE">19</attwidth><atprecis Sync="TRUE">0</atprecis><attscale Sync="TRUE">0</attscale><attrdef>Ozone percentile</attrdef></attr><attr xmlns=""><attrlabl Sync="TRUE">PM2_5</attrlabl><attalias Sync="TRUE">PM2_5</attalias><attrtype Sync="TRUE">Double</attrtype><attwidth Sync="TRUE">19</attwidth><atprecis Sync="TRUE">0</atprecis><attscale Sync="TRUE">0</attscale><attrdef>Annual mean PM 2.5 concentrations</attrdef></attr><attr xmlns=""><attrlabl Sync="TRUE">PM2_5_P</attrlabl><attalias Sync="TRUE">PM2_5_P</attalias><attrtype Sync="TRUE">Double</attrtype><attwidth Sync="TRUE">19</attwidth><atprecis Sync="TRUE">0</atprecis><attscale Sync="TRUE">0</attscale><attrdef>PM2.5 percentile</attrdef></attr><attr xmlns=""><attrlabl Sync="TRUE">DieselPM</attrlabl><attalias Sync="TRUE">DieselPM</attalias><attrtype Sync="TRUE">Double</attrtype><attwidth Sync="TRUE">19</attwidth><atprecis Sync="TRUE">0</atprecis><attscale Sync="TRUE">0</attscale><attrdef>Diesel PM emissions from on-road and non-road sources</attrdef></attr><attr xmlns=""><attrlabl Sync="TRUE">DieselPM_P</attrlabl><attalias Sync="TRUE">DieselPM_P</attalias><attrtype Sync="TRUE">Double</attrtype><attwidth Sync="TRUE">19</attwidth><atprecis Sync="TRUE">0</atprecis><attscale Sync="TRUE">0</attscale><attrdef>Diesel PM percentile</attrdef></attr><attr xmlns=""><attrlabl Sync="TRUE">Pesticide</attrlabl><attalias Sync="TRUE">Pesticide</attalias><attrtype Sync="TRUE">Double</attrtype><attwidth Sync="TRUE">19</attwidth><atprecis Sync="TRUE">0</atprecis><attscale Sync="TRUE">0</attscale><attrdef>Total pounds of selected active pesticide ingredients used in production-agriculture per square mile in the census tract</attrdef></attr><attr xmlns=""><attrlabl Sync="TRUE">PesticideP</attrlabl><attalias Sync="TRUE">PesticideP</attalias><attrtype Sync="TRUE">Double</attrtype><attwidth Sync="TRUE">19</attwidth><atprecis Sync="TRUE">0</atprecis><attscale Sync="TRUE">0</attscale><attrdef>Pesticides percentile</attrdef></attr><attr xmlns=""><attrlabl Sync="TRUE">Tox_Rel</attrlabl><attalias Sync="TRUE">Tox_Rel</attalias><attrtype Sync="TRUE">Double</attrtype><attwidth Sync="TRUE">19</attwidth><atprecis Sync="TRUE">0</atprecis><attscale Sync="TRUE">0</attscale><attrdef>Toxicity-weighted concentrations of modeled chemical releases to air from facility emissions and off-site incineration (from RSEI)</attrdef></attr><attr xmlns=""><attrlabl Sync="TRUE">Tox_Rel_P</attrlabl><attalias Sync="TRUE">Tox_Rel_P</attalias><attrtype Sync="TRUE">Double</attrtype><attwidth Sync="TRUE">19</attwidth><atprecis Sync="TRUE">0</atprecis><attscale Sync="TRUE">0</attscale><attrdef>Toxic release percentile</attrdef></attr><attr xmlns=""><attrlabl Sync="TRUE">Traffic</attrlabl><attalias Sync="TRUE">Traffic</attalias><attrtype Sync="TRUE">Double</attrtype><attwidth Sync="TRUE">19</attwidth><atprecis Sync="TRUE">0</atprecis><attscale Sync="TRUE">0</attscale><attrdef>Traffic density, in vehicle-kilometers per hour per road length, within 150 meters of the census tract boundary</attrdef></attr><attr xmlns=""><attrlabl Sync="TRUE">TrafficP</attrlabl><attalias Sync="TRUE">TrafficP</attalias><attrtype Sync="TRUE">Double</attrtype><attwidth Sync="TRUE">19</attwidth><atprecis Sync="TRUE">0</atprecis><attscale Sync="TRUE">0</attscale><attrdef>Traffic percentile</attrdef></attr><attr xmlns=""><attrlabl Sync="TRUE">DrinkWat</attrlabl><attalias Sync="TRUE">DrinkWat</attalias><attrtype Sync="TRUE">Double</attrtype><attwidth Sync="TRUE">19</attwidth><atprecis Sync="TRUE">0</atprecis><attscale Sync="TRUE">0</attscale><attrdef>Drinking water contaminant index for selected contaminants</attrdef></attr><attr xmlns=""><attrlabl Sync="TRUE">DrinkWatP</attrlabl><attalias Sync="TRUE">DrinkWatP</attalias><attrtype Sync="TRUE">Double</attrtype><attwidth Sync="TRUE">19</attwidth><atprecis Sync="TRUE">0</atprecis><attscale Sync="TRUE">0</attscale><attrdef>Drinking water percentile</attrdef></attr><attr xmlns=""><attrlabl Sync="TRUE">Lead</attrlabl><attalias Sync="TRUE">Lead</attalias><attrtype Sync="TRUE">Double</attrtype><attwidth Sync="TRUE">19</attwidth><atprecis Sync="TRUE">0</atprecis><attscale Sync="TRUE">0</attscale><attrdef>Potential risk for lead exposure in children living in low-income communities with older housing</attrdef></attr><attr xmlns=""><attrlabl Sync="TRUE">Lead_P</attrlabl><attalias Sync="TRUE">Lead_P</attalias><attrtype Sync="TRUE">Double</attrtype><attwidth Sync="TRUE">19</attwidth><atprecis Sync="TRUE">0</atprecis><attscale Sync="TRUE">0</attscale><attrdef>Children's lead risk from housing percentile</attrdef></attr><attr xmlns=""><attrlabl Sync="TRUE">Cleanup</attrlabl><attalias Sync="TRUE">Cleanup</attalias><attrtype Sync="TRUE">Double</attrtype><attwidth Sync="TRUE">19</attwidth><atprecis Sync="TRUE">0</atprecis><attscale Sync="TRUE">0</attscale><attrdef>Cleanup sites, sum of weighted EnviroStor cleanup sites within buffered distances to populated blocks of census tracts</attrdef></attr><attr xmlns=""><attrlabl Sync="TRUE">CleanupP</attrlabl><attalias Sync="TRUE">CleanupP</attalias><attrtype Sync="TRUE">Double</attrtype><attwidth Sync="TRUE">19</attwidth><atprecis Sync="TRUE">0</atprecis><attscale Sync="TRUE">0</attscale><attrdef>Cleanup sites percentile</attrdef></attr><attr xmlns=""><attrlabl Sync="TRUE">GWThreat</attrlabl><attalias Sync="TRUE">GWThreat</attalias><attrtype Sync="TRUE">Double</attrtype><attwidth Sync="TRUE">19</attwidth><atprecis Sync="TRUE">0</atprecis><attscale Sync="TRUE">0</attscale><attrdef>Groundwater threats, sum of weighted GeoTracker leaking underground storage tank sites within buffered distances to populated blocks of census tracts</attrdef></attr><attr xmlns=""><attrlabl Sync="TRUE">GWThreatP</attrlabl><attalias Sync="TRUE">GWThreatP</attalias><attrtype Sync="TRUE">Double</attrtype><attwidth Sync="TRUE">19</attwidth><atprecis Sync="TRUE">0</atprecis><attscale Sync="TRUE">0</attscale><attrdef>Groundwater threats percentile</attrdef></attr><attr xmlns=""><attrlabl Sync="TRUE">HazWaste</attrlabl><attalias Sync="TRUE">HazWaste</attalias><attrtype Sync="TRUE">Double</attrtype><attwidth Sync="TRUE">19</attwidth><atprecis Sync="TRUE">0</atprecis><attscale Sync="TRUE">0</attscale><attrdef>Sum of weighted hazardous waste facilities and large quantity generators within buffered distances to populated blocks of census tracts</attrdef></attr><attr xmlns=""><attrlabl Sync="TRUE">HazWasteP</attrlabl><attalias Sync="TRUE">HazWasteP</attalias><attrtype Sync="TRUE">Double</attrtype><attwidth Sync="TRUE">19</attwidth><atprecis Sync="TRUE">0</atprecis><attscale Sync="TRUE">0</attscale><attrdef>Hazardous waste percentile</attrdef></attr><attr xmlns=""><attrlabl Sync="TRUE">ImpWatBod</attrlabl><attalias Sync="TRUE">ImpWatBod</attalias><attrtype Sync="TRUE">Double</attrtype><attwidth Sync="TRUE">19</attwidth><atprecis Sync="TRUE">0</atprecis><attscale Sync="TRUE">0</attscale><attrdef>Impaired water bodies, sum of number of pollutants across all impaired water bodies within buffered distances to populated blocks of census tracts</attrdef></attr><attr xmlns=""><attrlabl Sync="TRUE">ImpWatBodP</attrlabl><attalias Sync="TRUE">ImpWatBodP</attalias><attrtype Sync="TRUE">Double</attrtype><attwidth Sync="TRUE">19</attwidth><atprecis Sync="TRUE">0</atprecis><attscale Sync="TRUE">0</attscale><attrdef>Impaired water bodies percentile</attrdef></attr><attr xmlns=""><attrlabl Sync="TRUE">SolWaste</attrlabl><attalias Sync="TRUE">SolWaste</attalias><attrtype Sync="TRUE">Double</attrtype><attwidth Sync="TRUE">19</attwidth><atprecis Sync="TRUE">0</atprecis><attscale Sync="TRUE">0</attscale><attrdef>Sum of weighted solid waste sites and facilities (SWIS) within  buffered distances to populated blocks of census tracts</attrdef></attr><attr xmlns=""><attrlabl Sync="TRUE">SolWasteP</attrlabl><attalias Sync="TRUE">SolWasteP</attalias><attrtype Sync="TRUE">Double</attrtype><attwidth Sync="TRUE">19</attwidth><atprecis Sync="TRUE">0</atprecis><attscale Sync="TRUE">0</attscale><attrdef>Solid waste percentile</attrdef></attr><attr xmlns=""><attrlabl Sync="TRUE">PollBurd</attrlabl><attalias Sync="TRUE">PollBurd</attalias><attrtype Sync="TRUE">Double</attrtype><attwidth Sync="TRUE">19</attwidth><atprecis Sync="TRUE">0</atprecis><attscale Sync="TRUE">0</attscale></attr><attr xmlns=""><attrlabl Sync="TRUE">PolBurdSc</attrlabl><attalias Sync="TRUE">PolBurdSc</attalias><attrtype Sync="TRUE">Double</attrtype><attwidth Sync="TRUE">19</attwidth><atprecis Sync="TRUE">0</atprecis><attscale Sync="TRUE">0</attscale><attrdef>Average of percentiles from the Pollution Burden indicators (with a half weighting for the Environmental Effects indicators)
Pollution Burden variable scaled with a range of 0-10. (Used to calculate CES 4.0 Score)</attrdef></attr><attr xmlns=""><attrlabl Sync="TRUE">PolBurdP</attrlabl><attalias Sync="TRUE">PolBurdP</attalias><attrtype Sync="TRUE">Double</attrtype><attwidth Sync="TRUE">19</attwidth><atprecis Sync="TRUE">0</atprecis><attscale Sync="TRUE">0</attscale><attrdef>Pollution burden percentile</attrdef></attr><attr xmlns=""><attrlabl Sync="TRUE">Asthma</attrlabl><attalias Sync="TRUE">Asthma</attalias><attrtype Sync="TRUE">Double</attrtype><attwidth Sync="TRUE">19</attwidth><atprecis Sync="TRUE">0</atprecis><attscale Sync="TRUE">0</attscale></attr><attr xmlns=""><attrlabl Sync="TRUE">AsthmaP</attrlabl><attalias Sync="TRUE">AsthmaP</attalias><attrtype Sync="TRUE">Double</attrtype><attwidth Sync="TRUE">19</attwidth><atprecis Sync="TRUE">0</atprecis><attscale Sync="TRUE">0</attscale></attr><attr xmlns=""><attrlabl Sync="TRUE">LowBirtWt</attrlabl><attalias Sync="TRUE">LowBirtWt</attalias><attrtype Sync="TRUE">Double</attrtype><attwidth Sync="TRUE">19</attwidth><atprecis Sync="TRUE">0</atprecis><attscale Sync="TRUE">0</attscale></attr><attr xmlns=""><attrlabl Sync="TRUE">LowBirWP</attrlabl><attalias Sync="TRUE">LowBirWP</attalias><attrtype Sync="TRUE">Double</attrtype><attwidth Sync="TRUE">19</attwidth><atprecis Sync="TRUE">0</atprecis><attscale Sync="TRUE">0</attscale></attr><attr xmlns=""><attrlabl Sync="TRUE">Cardiovas</attrlabl><attalias Sync="TRUE">Cardiovas</attalias><attrtype Sync="TRUE">Double</attrtype><attwidth Sync="TRUE">19</attwidth><atprecis Sync="TRUE">0</atprecis><attscale Sync="TRUE">0</attscale></attr><attr xmlns=""><attrlabl Sync="TRUE">CardiovasP</attrlabl><attalias Sync="TRUE">CardiovasP</attalias><attrtype Sync="TRUE">Double</attrtype><attwidth Sync="TRUE">19</attwidth><atprecis Sync="TRUE">0</atprecis><attscale Sync="TRUE">0</attscale></attr><attr xmlns=""><attrlabl Sync="TRUE">Educatn</attrlabl><attalias Sync="TRUE">Educatn</attalias><attrtype Sync="TRUE">Double</attrtype><attwidth Sync="TRUE">19</attwidth><atprecis Sync="TRUE">0</atprecis><attscale Sync="TRUE">0</attscale></attr><attr xmlns=""><attrlabl Sync="TRUE">EducatP</attrlabl><attalias Sync="TRUE">EducatP</attalias><attrtype Sync="TRUE">Double</attrtype><attwidth Sync="TRUE">19</attwidth><atprecis Sync="TRUE">0</atprecis><attscale Sync="TRUE">0</attscale></attr><attr xmlns=""><attrlabl Sync="TRUE">Ling_Isol</attrlabl><attalias Sync="TRUE">Ling_Isol</attalias><attrtype Sync="TRUE">Double</attrtype><attwidth Sync="TRUE">19</attwidth><atprecis Sync="TRUE">0</atprecis><attscale Sync="TRUE">0</attscale></attr><attr xmlns=""><attrlabl Sync="TRUE">Ling_IsolP</attrlabl><attalias Sync="TRUE">Ling_IsolP</attalias><attrtype Sync="TRUE">Double</attrtype><attwidth Sync="TRUE">19</attwidth><atprecis Sync="TRUE">0</atprecis><attscale Sync="TRUE">0</attscale></attr><attr xmlns=""><attrlabl Sync="TRUE">Poverty</attrlabl><attalias Sync="TRUE">Poverty</attalias><attrtype Sync="TRUE">Double</attrtype><attwidth Sync="TRUE">19</attwidth><atprecis Sync="TRUE">0</atprecis><attscale Sync="TRUE">0</attscale></attr><attr xmlns=""><attrlabl Sync="TRUE">PovertyP</attrlabl><attalias Sync="TRUE">PovertyP</attalias><attrtype Sync="TRUE">Double</attrtype><attwidth Sync="TRUE">19</attwidth><atprecis Sync="TRUE">0</atprecis><attscale Sync="TRUE">0</attscale></attr><attr xmlns=""><attrlabl Sync="TRUE">Unempl</attrlabl><attalias Sync="TRUE">Unempl</attalias><attrtype Sync="TRUE">Double</attrtype><attwidth Sync="TRUE">19</attwidth><atprecis Sync="TRUE">0</atprecis><attscale Sync="TRUE">0</attscale></attr><attr xmlns=""><attrlabl Sync="TRUE">UnemplP</attrlabl><attalias Sync="TRUE">UnemplP</attalias><attrtype Sync="TRUE">Double</attrtype><attwidth Sync="TRUE">19</attwidth><atprecis Sync="TRUE">0</atprecis><attscale Sync="TRUE">0</attscale></attr><attr xmlns=""><attrlabl Sync="TRUE">HousBurd</attrlabl><attalias Sync="TRUE">HousBurd</attalias><attrtype Sync="TRUE">Double</attrtype><attwidth Sync="TRUE">19</attwidth><atprecis Sync="TRUE">0</atprecis><attscale Sync="TRUE">0</attscale></attr><attr xmlns=""><attrlabl Sync="TRUE">HousBurdP</attrlabl><attalias Sync="TRUE">HousBurdP</attalias><attrtype Sync="TRUE">Double</attrtype><attwidth Sync="TRUE">19</attwidth><atprecis Sync="TRUE">0</atprecis><attscale Sync="TRUE">0</attscale></attr><attr xmlns=""><attrlabl Sync="TRUE">PopChar</attrlabl><attalias Sync="TRUE">PopChar</attalias><attrtype Sync="TRUE">Double</attrtype><attwidth Sync="TRUE">19</attwidth><atprecis Sync="TRUE">0</atprecis><attscale Sync="TRUE">0</attscale></attr><attr xmlns=""><attrlabl Sync="TRUE">PopCharSc</attrlabl><attalias Sync="TRUE">PopCharSc</attalias><attrtype Sync="TRUE">Double</attrtype><attwidth Sync="TRUE">19</attwidth><atprecis Sync="TRUE">0</atprecis><attscale Sync="TRUE">0</attscale></attr><attr xmlns=""><attrlabl Sync="TRUE">PopCharP</attrlabl><attalias Sync="TRUE">PopCharP</attalias><attrtype Sync="TRUE">Double</attrtype><attwidth Sync="TRUE">19</attwidth><atprecis Sync="TRUE">0</atprecis><attscale Sync="TRUE">0</attscale></attr><attr xmlns=""><attrlabl Sync="TRUE">Child_10</attrlabl><attalias Sync="TRUE">Child_10</attalias><attrtype Sync="TRUE">Double</attrtype><attwidth Sync="TRUE">19</attwidth><atprecis Sync="TRUE">0</atprecis><attscale Sync="TRUE">0</attscale><attrdef>Percent of this census tract's population that are children under the age of 10 years old.</attrdef></attr><attr xmlns=""><attrlabl Sync="TRUE">Pop_10_64</attrlabl><attalias Sync="TRUE">Pop_10_64</attalias><attrtype Sync="TRUE">Double</attrtype><attwidth Sync="TRUE">19</attwidth><atprecis Sync="TRUE">0</atprecis><attscale Sync="TRUE">0</attscale><attrdef>Percent of this census tract's population that are between 10 and 64 years old.</attrdef></attr><attr xmlns=""><attrlabl Sync="TRUE">Elderly65</attrlabl><attalias Sync="TRUE">Elderly65</attalias><attrtype Sync="TRUE">Double</attrtype><attwidth Sync="TRUE">19</attwidth><atprecis Sync="TRUE">0</atprecis><attscale Sync="TRUE">0</attscale><attrdef>Percent of this census tract's population that are over 65 years old.</attrdef></attr><attr xmlns=""><attrlabl Sync="TRUE">Hispanic</attrlabl><attalias Sync="TRUE">Hispanic</attalias><attrtype Sync="TRUE">Double</attrtype><attwidth Sync="TRUE">19</attwidth><atprecis Sync="TRUE">0</atprecis><attscale Sync="TRUE">0</attscale><attrdef>Percent of this census tract's population that identify as Hispanic.</attrdef></attr><attr xmlns=""><attrlabl Sync="TRUE">White</attrlabl><attalias Sync="TRUE">White</attalias><attrtype Sync="TRUE">Double</attrtype><attwidth Sync="TRUE">19</attwidth><atprecis Sync="TRUE">0</atprecis><attscale Sync="TRUE">0</attscale><attrdef>Percent of this census tract's population that identify as White.</attrdef></attr><attr xmlns=""><attrlabl Sync="TRUE">AfricanAm</attrlabl><attalias Sync="TRUE">AfricanAm</attalias><attrtype Sync="TRUE">Double</attrtype><attwidth Sync="TRUE">19</attwidth><atprecis Sync="TRUE">0</atprecis><attscale Sync="TRUE">0</attscale><attrdef>Percent of this census tract's population that identify as Black.</attrdef></attr><attr xmlns=""><attrlabl Sync="TRUE">NativeAm</attrlabl><attalias Sync="TRUE">NativeAm</attalias><attrtype Sync="TRUE">Double</attrtype><attwidth Sync="TRUE">19</attwidth><atprecis Sync="TRUE">0</atprecis><attscale Sync="TRUE">0</attscale><attrdef>Percent of this census tract's population that identify as American Indian or Alaskan Native.</attrdef></attr><attr xmlns=""><attrlabl Sync="TRUE">OtherMult</attrlabl><attalias Sync="TRUE">OtherMult</attalias><attrtype Sync="TRUE">Double</attrtype><attwidth Sync="TRUE">19</attwidth><atprecis Sync="TRUE">0</atprecis><attscale Sync="TRUE">0</attscale><attrdef>Percent of this census tract's population that identify as other or multiple races/ethnicities.</attrdef></attr><attr><attrlabl Sync="TRUE">Shape_Leng</attrlabl><attalias Sync="TRUE">Shape_Leng</attalias><attrtype Sync="TRUE">Double</attrtype><attwidth Sync="TRUE">19</attwidth><atprecis Sync="TRUE">0</atprecis><attscale Sync="TRUE">0</attscale></attr><attr xmlns=""><attrlabl Sync="TRUE">Shape_Area</attrlabl><attalias Sync="TRUE">Shape_Area</attalias><attrtype Sync="TRUE">Double</attrtype><attwidth Sync="TRUE">19</attwidth><atprecis Sync="TRUE">0</atprecis><attscale Sync="TRUE">0</attscale><attrdef Sync="TRUE">Area of feature in internal units squared.</attrdef><attrdefs Sync="TRUE">Esri</attrdefs><attrdomv><udom Sync="TRUE">Positive real numbers that are automatically generated.</udom></attrdomv></attr><attr xmlns=""><attrlabl Sync="TRUE">AAPI</attrlabl><attalias Sync="TRUE">AAPI</attalias><attrtype Sync="TRUE">Double</attrtype><attwidth Sync="TRUE">19</attwidth><atprecis Sync="TRUE">0</atprecis><attscale Sync="TRUE">0</attscale><attrdef>Percent of this census tract's population that identify as Asian American or Pacific Islander.</attrdef></attr></detailed></eainfo><mdDateSt Sync="TRUE">20211124</mdDateSt><mdChar><CharSetCd value="004"/></mdChar></metadata>
